Date,Measure,Value,Unit
2019-1-2,flights,5147,number
2019-1-3,flights,5518,number
2019-1-4,flights,5588,number
2019-1-5,flights,4798,number
2019-1-6,flights,5329,number
2019-1-7,flights,5288,number
2019-1-8,flights,4670,number
2019-1-9,flights,4702,number
2019-1-10,flights,5056,number
2019-1-11,flights,5330,number
2019-1-12,flights,4227,number
2019-1-13,flights,4848,number
2019-1-14,flights,5147,number
2019-1-15,flights,4596,number
2019-1-16,flights,4625,number
2019-1-17,flights,5068,number
2019-1-18,flights,5426,number
2019-1-19,flights,4172,number
2019-1-20,flights,4929,number
2019-1-21,flights,5167,number
2019-1-22,flights,4550,number
2019-1-23,flights,4611,number
2019-1-24,flights,5089,number
2019-1-25,flights,5444,number
2019-1-26,flights,4215,number
2019-1-27,flights,4899,number
2019-1-28,flights,5252,number
2019-1-29,flights,4638,number
2019-1-30,flights,4686,number
2019-1-31,flights,5026,number
2019-2-1,flights,5182,number
2019-2-2,flights,4362,number
2019-2-3,flights,5044,number
2019-2-4,flights,5262,number
2019-2-5,flights,4767,number
2019-2-6,flights,4867,number
2019-2-7,flights,5363,number
2019-2-8,flights,5508,number
2019-2-9,flights,4499,number
2019-2-10,flights,5098,number
2019-2-11,flights,5475,number
2019-2-12,flights,5046,number
2019-2-13,flights,5035,number
2019-2-14,flights,5548,number
2019-2-15,flights,5961,number
2019-2-16,flights,5054,number
2019-2-17,flights,5290,number
2019-2-18,flights,5529,number
2019-2-19,flights,5154,number
2019-2-20,flights,5026,number
2019-2-21,flights,5527,number
2019-2-22,flights,5611,number
2019-2-23,flights,4981,number
2019-2-24,flights,5692,number
2019-2-25,flights,5621,number
2019-2-26,flights,5200,number
2019-2-27,flights,5122,number
2019-2-28,flights,5569,number
2019-3-1,flights,5818,number
2019-3-2,flights,4657,number
2019-3-3,flights,5144,number
2019-3-4,flights,5590,number
2019-3-5,flights,5140,number
2019-3-6,flights,5112,number
2019-3-7,flights,5581,number
2019-3-8,flights,5833,number
2019-3-9,flights,4621,number
2019-3-10,flights,5184,number
2019-3-11,flights,5693,number
2019-3-12,flights,5089,number
2019-3-13,flights,5076,number
2019-3-14,flights,5583,number
2019-3-15,flights,5883,number
2019-3-16,flights,4673,number
2019-3-17,flights,5324,number
2019-3-18,flights,5693,number
2019-3-19,flights,5209,number
2019-3-20,flights,5182,number
2019-3-21,flights,5665,number
2019-3-22,flights,5891,number
2019-3-23,flights,4670,number
2019-3-24,flights,5313,number
2019-3-25,flights,5621,number
2019-3-26,flights,5233,number
2019-3-27,flights,5243,number
2019-3-28,flights,5709,number
2019-3-29,flights,5985,number
2019-3-30,flights,4788,number
2019-3-31,flights,5361,number
2019-4-1,flights,6058,number
2019-4-2,flights,5832,number
2019-4-3,flights,5915,number
2019-4-4,flights,6078,number
2019-4-5,flights,6288,number
2019-4-6,flights,5353,number
2019-4-7,flights,5710,number
2019-4-8,flights,6125,number
2019-4-9,flights,5946,number
2019-4-10,flights,6064,number
2019-4-11,flights,6198,number
2019-4-12,flights,6372,number
2019-4-13,flights,5367,number
2019-4-14,flights,5761,number
2019-4-15,flights,6119,number
2019-4-16,flights,5930,number
2019-4-17,flights,5989,number
2019-4-18,flights,6268,number
2019-4-19,flights,5859,number
2019-4-20,flights,5174,number
2019-4-21,flights,5555,number
2019-4-22,flights,5903,number
2019-4-23,flights,5999,number
2019-4-24,flights,5983,number
2019-4-25,flights,6106,number
2019-4-26,flights,6253,number
2019-4-27,flights,5172,number
2019-4-28,flights,5677,number
2019-4-29,flights,6201,number
2019-4-30,flights,6085,number
2019-5-1,flights,6157,number
2019-5-2,flights,6396,number
2019-5-3,flights,6677,number
2019-5-4,flights,5474,number
2019-5-5,flights,5900,number
2019-5-6,flights,6076,number
2019-5-7,flights,6373,number
2019-5-8,flights,6286,number
2019-5-9,flights,6207,number
2019-5-10,flights,6672,number
2019-5-11,flights,5601,number
2019-5-12,flights,6121,number
2019-5-13,flights,6457,number
2019-5-14,flights,6284,number
2019-5-15,flights,6331,number
2019-5-16,flights,6509,number
2019-5-17,flights,6632,number
2019-5-18,flights,5686,number
2019-5-19,flights,6007,number
2019-5-20,flights,6644,number
2019-5-21,flights,6258,number
2019-5-22,flights,6498,number
2019-5-23,flights,6702,number
2019-5-24,flights,7089,number
2019-5-25,flights,6003,number
2019-5-26,flights,6175,number
2019-5-27,flights,6445,number
2019-5-28,flights,6589,number
2019-5-29,flights,6618,number
2019-5-30,flights,6745,number
2019-5-31,flights,6970,number
2019-6-1,flights,6130,number
2019-6-2,flights,6747,number
2019-6-3,flights,6819,number
2019-6-4,flights,6654,number
2019-6-5,flights,6765,number
2019-6-6,flights,6896,number
2019-6-7,flights,6915,number
2019-6-8,flights,5978,number
2019-6-9,flights,6283,number
2019-6-10,flights,6762,number
2019-6-11,flights,6653,number
2019-6-12,flights,6608,number
2019-6-13,flights,6953,number
2019-6-14,flights,7015,number
2019-6-15,flights,5998,number
2019-6-16,flights,6445,number
2019-6-17,flights,6934,number
2019-6-18,flights,6684,number
2019-6-19,flights,6745,number
2019-6-20,flights,6995,number
2019-6-21,flights,7038,number
2019-6-22,flights,5990,number
2019-6-23,flights,6433,number
2019-6-24,flights,6833,number
2019-6-25,flights,6711,number
2019-6-26,flights,6766,number
2019-6-27,flights,7039,number
2019-6-28,flights,7010,number
2019-6-29,flights,6014,number
2019-6-30,flights,6464,number
2019-7-1,flights,6932,number
2019-7-2,flights,6749,number
2019-7-3,flights,6794,number
2019-7-4,flights,7034,number
2019-7-5,flights,7080,number
2019-7-6,flights,6118,number
2019-7-7,flights,6454,number
2019-7-8,flights,6889,number
2019-7-9,flights,6707,number
2019-7-10,flights,6704,number
2019-7-11,flights,7010,number
2019-7-12,flights,7002,number
2019-7-13,flights,6199,number
2019-7-14,flights,6555,number
2019-7-15,flights,6958,number
2019-7-16,flights,6667,number
2019-7-17,flights,6795,number
2019-7-18,flights,6972,number
2019-7-19,flights,6950,number
2019-7-20,flights,6091,number
2019-7-21,flights,6432,number
2019-7-22,flights,6836,number
2019-7-23,flights,6651,number
2019-7-24,flights,6667,number
2019-7-25,flights,6519,number
2019-7-26,flights,6807,number
2019-7-27,flights,6074,number
2019-7-28,flights,6338,number
2019-7-29,flights,6799,number
2019-7-30,flights,6639,number
2019-7-31,flights,6726,number
2019-8-1,flights,6871,number
2019-8-2,flights,6911,number
2019-8-3,flights,6134,number
2019-8-4,flights,6398,number
2019-8-5,flights,6740,number
2019-8-6,flights,6527,number
2019-8-7,flights,6454,number
2019-8-8,flights,6808,number
2019-8-9,flights,6716,number
2019-8-10,flights,5992,number
2019-8-11,flights,6422,number
2019-8-12,flights,6735,number
2019-8-13,flights,6592,number
2019-8-14,flights,6613,number
2019-8-15,flights,6786,number
2019-8-16,flights,6886,number
2019-8-17,flights,6063,number
2019-8-18,flights,6418,number
2019-8-19,flights,6783,number
2019-8-20,flights,6638,number
2019-8-21,flights,6716,number
2019-8-22,flights,6859,number
2019-8-23,flights,6955,number
2019-8-24,flights,6081,number
2019-8-25,flights,6394,number
2019-8-26,flights,6541,number
2019-8-27,flights,6710,number
2019-8-28,flights,6779,number
2019-8-29,flights,6956,number
2019-8-30,flights,7065,number
2019-8-31,flights,6201,number
2019-9-1,flights,6378,number
2019-9-2,flights,6917,number
2019-9-3,flights,6723,number
2019-9-4,flights,6723,number
2019-9-5,flights,6964,number
2019-9-6,flights,6850,number
2019-9-7,flights,5997,number
2019-9-8,flights,6507,number
2019-9-9,flights,6096,number
2019-9-10,flights,5926,number
2019-9-11,flights,6656,number
2019-9-12,flights,6948,number
2019-9-13,flights,7047,number
2019-9-14,flights,5965,number
2019-9-15,flights,6467,number
2019-9-16,flights,6847,number
2019-9-17,flights,6663,number
2019-9-18,flights,6678,number
2019-9-19,flights,6920,number
2019-9-20,flights,7020,number
2019-9-21,flights,5884,number
2019-9-22,flights,6361,number
2019-9-23,flights,6793,number
2019-9-24,flights,6413,number
2019-9-25,flights,6637,number
2019-9-26,flights,6879,number
2019-9-27,flights,6472,number
2019-9-28,flights,5771,number
2019-9-29,flights,6296,number
2019-9-30,flights,6755,number
2019-10-1,flights,6154,number
2019-10-2,flights,6418,number
2019-10-3,flights,6575,number
2019-10-4,flights,6743,number
2019-10-5,flights,5520,number
2019-10-6,flights,6146,number
2019-10-7,flights,6439,number
2019-10-8,flights,6000,number
2019-10-9,flights,6044,number
2019-10-10,flights,6428,number
2019-10-11,flights,6569,number
2019-10-12,flights,5337,number
2019-10-13,flights,5938,number
2019-10-14,flights,6366,number
2019-10-15,flights,6110,number
2019-10-16,flights,6102,number
2019-10-17,flights,6393,number
2019-10-18,flights,6623,number
2019-10-19,flights,5475,number
2019-10-20,flights,5965,number
2019-10-21,flights,6388,number
2019-10-22,flights,6036,number
2019-10-23,flights,6156,number
2019-10-24,flights,6418,number
2019-10-25,flights,6431,number
2019-10-26,flights,5389,number
2019-10-27,flights,5607,number
2019-10-28,flights,5935,number
2019-10-29,flights,5563,number
2019-10-30,flights,5483,number
2019-10-31,flights,5833,number
2019-11-1,flights,5874,number
2019-11-2,flights,4674,number
2019-11-3,flights,5413,number
2019-11-4,flights,5683,number
2019-11-5,flights,5112,number
2019-11-6,flights,4902,number
2019-11-7,flights,5301,number
2019-11-8,flights,5692,number
2019-11-9,flights,4123,number
2019-11-10,flights,5099,number
2019-11-11,flights,5503,number
2019-11-12,flights,4732,number
2019-11-13,flights,4695,number
2019-11-14,flights,5289,number
2019-11-15,flights,5701,number
2019-11-16,flights,4089,number
2019-11-17,flights,5031,number
2019-11-18,flights,5423,number
2019-11-19,flights,4671,number
2019-11-20,flights,4736,number
2019-11-21,flights,5171,number
2019-11-22,flights,5650,number
2019-11-23,flights,3954,number
2019-11-24,flights,4948,number
2019-11-25,flights,5267,number
2019-11-26,flights,4679,number
2019-11-27,flights,4726,number
2019-11-28,flights,5182,number
2019-11-29,flights,5512,number
2019-11-30,flights,4004,number
2019-12-1,flights,5024,number
2019-12-2,flights,5507,number
2019-12-3,flights,4955,number
2019-12-4,flights,5054,number
2019-12-5,flights,5257,number
2019-12-6,flights,5641,number
2019-12-7,flights,4227,number
2019-12-8,flights,5070,number
2019-12-9,flights,5570,number
2019-12-10,flights,4890,number
2019-12-11,flights,5109,number
2019-12-12,flights,5464,number
2019-12-13,flights,5821,number
2019-12-14,flights,4607,number
2019-12-15,flights,5245,number
2019-12-16,flights,5579,number
2019-12-17,flights,5033,number
2019-12-18,flights,5156,number
2019-12-19,flights,5800,number
2019-12-20,flights,5933,number
2019-12-21,flights,5070,number
2019-12-22,flights,5380,number
2019-12-23,flights,5494,number
2019-12-24,flights,3883,number
2019-12-25,flights,1386,number
2019-12-26,flights,4498,number
2019-12-27,flights,5513,number
2019-12-28,flights,4894,number
2019-12-29,flights,5220,number
2019-12-30,flights,5140,number
2019-12-31,flights,4112,number
2020-1-1,flights,3950,number
2020-1-2,flights,5252,number
2020-1-3,flights,5536,number
2020-1-4,flights,4844,number
2020-1-5,flights,5390,number
2020-1-6,flights,5245,number
2020-1-7,flights,4630,number
2020-1-8,flights,4474,number
2020-1-9,flights,4801,number
2020-1-10,flights,5297,number
2020-1-11,flights,4199,number
2020-1-12,flights,4950,number
2020-1-13,flights,4825,number
2020-1-14,flights,4120,number
2020-1-15,flights,4362,number
2020-1-16,flights,4786,number
2020-1-17,flights,5310,number
2020-1-18,flights,4155,number
2020-1-19,flights,4990,number
2020-1-20,flights,5023,number
2020-1-21,flights,4364,number
2020-1-22,flights,4242,number
2020-1-23,flights,4886,number
2020-1-24,flights,5436,number
2020-1-25,flights,4135,number
2020-1-26,flights,4934,number
2020-1-27,flights,5031,number
2020-1-28,flights,4325,number
2020-1-29,flights,4404,number
2020-1-30,flights,4866,number
2020-1-31,flights,5414,number
2020-2-1,flights,4298,number
2020-2-2,flights,4969,number
2020-2-3,flights,5127,number
2020-2-4,flights,4524,number
2020-2-5,flights,4605,number
2020-2-6,flights,5058,number
2020-2-7,flights,5525,number
2020-2-8,flights,4410,number
2020-2-9,flights,3171,number
2020-2-10,flights,5056,number
2020-2-11,flights,4579,number
2020-2-12,flights,4801,number
2020-2-13,flights,5299,number
2020-2-14,flights,5870,number
2020-2-15,flights,4506,number
2020-2-16,flights,4927,number
2020-2-17,flights,5392,number
2020-2-18,flights,4958,number
2020-2-19,flights,4906,number
2020-2-20,flights,5306,number
2020-2-21,flights,5722,number
2020-2-22,flights,4845,number
2020-2-23,flights,5460,number
2020-2-24,flights,5593,number
2020-2-25,flights,5162,number
2020-2-26,flights,5050,number
2020-2-27,flights,5448,number
2020-2-28,flights,5685,number
2020-2-29,flights,4531,number
2020-3-1,flights,5266,number
2020-3-2,flights,5503,number
2020-3-3,flights,5089,number
2020-3-4,flights,4891,number
2020-3-5,flights,4995,number
2020-3-6,flights,5309,number
2020-3-7,flights,4340,number
2020-3-8,flights,4953,number
2020-3-9,flights,5175,number
2020-3-10,flights,4470,number
2020-3-11,flights,4332,number
2020-3-12,flights,4903,number
2020-3-13,flights,5158,number
2020-3-14,flights,4093,number
2020-3-15,flights,4448,number
2020-3-16,flights,4489,number
2020-3-17,flights,3575,number
2020-3-18,flights,3258,number
2020-3-19,flights,3278,number
2020-3-20,flights,3265,number
2020-3-21,flights,1926,number
2020-3-22,flights,1904,number
2020-3-23,flights,1663,number
2020-3-24,flights,1348,number
2020-3-25,flights,1071,number
2020-3-26,flights,1098,number
2020-3-27,flights,1053,number
2020-3-28,flights,733,number
2020-3-29,flights,706,number
2020-3-30,flights,658,number
2020-3-31,flights,677,number
2020-4-1,flights,680,number
2020-4-2,flights,642,number
2020-4-3,flights,667,number
2020-4-4,flights,465,number
2020-4-5,flights,462,number
2020-4-6,flights,506,number
2020-4-7,flights,564,number
2020-4-8,flights,591,number
2020-4-9,flights,563,number
2020-4-10,flights,473,number
2020-4-11,flights,341,number
2020-4-12,flights,346,number
2020-4-13,flights,353,number
2020-4-14,flights,501,number
2020-4-15,flights,563,number
2020-4-16,flights,585,number
2020-4-17,flights,553,number
2020-4-18,flights,391,number
2020-4-19,flights,399,number
2020-4-20,flights,542,number
2020-4-21,flights,530,number
2020-4-22,flights,613,number
2020-4-23,flights,602,number
2020-4-24,flights,602,number
2020-4-25,flights,417,number
2020-4-26,flights,406,number
2020-4-27,flights,561,number
2020-4-28,flights,564,number
2020-4-29,flights,642,number
2020-4-30,flights,643,number
2020-5-1,flights,611,number
2020-5-2,flights,416,number
2020-5-3,flights,474,number
2020-5-4,flights,585,number
2020-5-5,flights,603,number
2020-5-6,flights,714,number
2020-5-7,flights,678,number
2020-5-8,flights,573,number
2020-5-9,flights,432,number
2020-5-10,flights,513,number
2020-5-11,flights,638,number
2020-5-12,flights,659,number
2020-5-13,flights,697,number
2020-5-14,flights,694,number
2020-5-15,flights,707,number
2020-5-16,flights,486,number
2020-5-17,flights,497,number
2020-5-18,flights,684,number
2020-5-19,flights,658,number
2020-5-20,flights,761,number
2020-5-21,flights,692,number
2020-5-22,flights,696,number
2020-5-23,flights,562,number
2020-5-24,flights,554,number
2020-5-25,flights,628,number
2020-5-26,flights,750,number
2020-5-27,flights,820,number
2020-5-28,flights,729,number
2020-5-29,flights,841,number
2020-5-30,flights,553,number
2020-5-31,flights,551,number
2020-6-1,flights,714,number
2020-6-2,flights,819,number
2020-6-3,flights,891,number
2020-6-4,flights,888,number
2020-6-5,flights,939,number
2020-6-6,flights,694,number
2020-6-7,flights,728,number
2020-6-8,flights,793,number
2020-6-9,flights,772,number
2020-6-10,flights,834,number
2020-6-11,flights,780,number
2020-6-12,flights,844,number
2020-6-13,flights,555,number
2020-6-14,flights,617,number
2020-6-15,flights,863,number
2020-6-16,flights,831,number
2020-6-17,flights,884,number
2020-6-18,flights,903,number
2020-6-19,flights,933,number
2020-6-20,flights,612,number
2020-6-21,flights,731,number
2020-6-22,flights,998,number
2020-6-23,flights,950,number
2020-6-24,flights,1012,number
2020-6-25,flights,1054,number
2020-6-26,flights,1051,number
2020-6-27,flights,718,number
2020-6-28,flights,767,number
2020-6-29,flights,963,number
2020-6-30,flights,1023,number
2020-7-1,flights,1583,number
2020-7-2,flights,1556,number
2020-7-3,flights,1669,number
2020-7-4,flights,1337,number
2020-7-5,flights,1413,number
2020-7-6,flights,1602,number
2020-7-7,flights,1533,number
2020-7-8,flights,1606,number
2020-7-9,flights,1691,number
2020-7-10,flights,1907,number
2020-7-11,flights,1548,number
2020-7-12,flights,1594,number
2020-7-13,flights,1698,number
2020-7-14,flights,1676,number
2020-7-15,flights,1881,number
2020-7-16,flights,2115,number
2020-7-17,flights,2264,number
2020-7-18,flights,1994,number
2020-7-19,flights,2030,number
2020-7-20,flights,2138,number
2020-7-21,flights,2044,number
2020-7-22,flights,2101,number
2020-7-23,flights,2166,number
2020-7-24,flights,2419,number
2020-7-25,flights,2223,number
2020-7-26,flights,2237,number
2020-7-27,flights,2156,number
2020-7-28,flights,2066,number
2020-7-29,flights,2163,number
2020-7-30,flights,2191,number
2020-7-31,flights,2529,number
2020-8-1,flights,2816,number
2020-8-2,flights,2765,number
2020-8-3,flights,2865,number
2020-8-4,flights,2499,number
2020-8-5,flights,2578,number
2020-8-6,flights,2687,number
2020-8-7,flights,2977,number
2020-8-8,flights,2688,number
2020-8-9,flights,2775,number
2020-8-10,flights,2832,number
2020-8-11,flights,2491,number
2020-8-12,flights,2544,number
2020-8-13,flights,2566,number
2020-8-14,flights,3018,number
2020-8-15,flights,2702,number
2020-8-16,flights,2779,number
2020-8-17,flights,2780,number
2020-8-18,flights,2502,number
2020-8-19,flights,2621,number
2020-8-20,flights,2712,number
2020-8-21,flights,2963,number
2020-8-22,flights,2726,number
2020-8-23,flights,2831,number
2020-8-24,flights,2922,number
2020-8-25,flights,2513,number
2020-8-26,flights,2694,number
2020-8-27,flights,2800,number
2020-8-28,flights,3154,number
2020-8-29,flights,2813,number
2020-8-30,flights,2954,number
2020-8-31,flights,3008,number
2020-9-1,flights,2702,number
2020-9-2,flights,2576,number
2020-9-3,flights,2726,number
2020-9-4,flights,3053,number
2020-9-5,flights,2608,number
2020-9-6,flights,2827,number
2020-9-7,flights,2758,number
2020-9-8,flights,2444,number
2020-9-9,flights,2508,number
2020-9-10,flights,2653,number
2020-9-11,flights,3112,number
2020-9-12,flights,2513,number
2020-9-13,flights,2778,number
2020-9-14,flights,2754,number
2020-9-15,flights,2437,number
2020-9-16,flights,2481,number
2020-9-17,flights,2689,number
2020-9-18,flights,3068,number
2020-9-19,flights,2454,number
2020-9-20,flights,2771,number
2020-9-21,flights,2716,number
2020-9-22,flights,2373,number
2020-9-23,flights,2409,number
2020-9-24,flights,2595,number
2020-9-25,flights,2979,number
2020-9-26,flights,2433,number
2020-9-27,flights,2693,number
2020-9-28,flights,2688,number
2020-9-29,flights,2330,number
2020-9-30,flights,2308,number
2020-10-1,flights,2357,number
2020-10-2,flights,2787,number
2020-10-3,flights,2255,number
2020-10-4,flights,2430,number
2020-10-5,flights,2459,number
2020-10-6,flights,2096,number
2020-10-7,flights,2137,number
2020-10-8,flights,2308,number
2020-10-9,flights,2689,number
2020-10-10,flights,2127,number
2020-10-11,flights,2315,number
2020-10-12,flights,2284,number
2020-10-13,flights,1902,number
2020-10-14,flights,1984,number
2020-10-15,flights,2144,number
2020-10-16,flights,2663,number
2020-10-17,flights,2166,number
2020-10-18,flights,2231,number
2020-10-19,flights,2109,number
2020-10-20,flights,1767,number
2020-10-21,flights,1834,number
2020-10-22,flights,2022,number
2020-10-23,flights,2408,number
2020-10-24,flights,2028,number
2020-10-25,flights,2238,number
2020-10-26,flights,2148,number
2020-10-27,flights,1753,number
2020-10-28,flights,1833,number
2020-10-29,flights,2028,number
2020-10-30,flights,2497,number
2020-10-31,flights,2021,number
2020-11-1,flights,2259,number
2020-11-2,flights,2034,number
2020-11-3,flights,1716,number
2020-11-4,flights,1825,number
2020-11-5,flights,1649,number
2020-11-6,flights,1954,number
2020-11-7,flights,1403,number
2020-11-8,flights,1536,number
2020-11-9,flights,1440,number
2020-11-10,flights,1239,number
2020-11-11,flights,1245,number
2020-11-12,flights,1337,number
2020-11-13,flights,1531,number
2020-11-14,flights,983,number
2020-11-15,flights,1164,number
2020-11-16,flights,1277,number
2020-11-17,flights,1104,number
2020-11-18,flights,1092,number
2020-11-19,flights,1246,number
2020-11-20,flights,1286,number
2020-11-21,flights,889,number
2020-11-22,flights,1005,number
2020-11-23,flights,1146,number
2020-11-24,flights,1071,number
2020-11-25,flights,1125,number
2020-11-26,flights,1160,number
2020-11-27,flights,1238,number
2020-11-28,flights,885,number
2020-11-29,flights,1013,number
2020-11-30,flights,1158,number
2020-12-1,flights,1160,number
2020-12-2,flights,1276,number
2020-12-3,flights,1374,number
2020-12-4,flights,1602,number
2020-12-5,flights,1168,number
2020-12-6,flights,1299,number
2020-12-7,flights,1349,number
2020-12-8,flights,1333,number
2020-12-9,flights,1455,number
2020-12-10,flights,1648,number
2020-12-11,flights,1892,number
2020-12-12,flights,1450,number
2020-12-13,flights,1559,number
2020-12-14,flights,1582,number
2020-12-15,flights,1553,number
2020-12-16,flights,1591,number
2020-12-17,flights,2196,number
2020-12-18,flights,2481,number
2020-12-19,flights,2209,number
2020-12-20,flights,2256,number
2020-12-21,flights,1828,number
2020-12-22,flights,1508,number
2020-12-23,flights,1684,number
2020-12-24,flights,1231,number
2020-12-25,flights,364,number
2020-12-26,flights,926,number
2020-12-27,flights,1337,number
2020-12-28,flights,1258,number
2020-12-29,flights,1233,number
2020-12-30,flights,1359,number
2020-12-31,flights,952,number
2021-1-1,flights,753,number
2021-1-2,flights,1412,number
2021-1-3,flights,1724,number
2021-1-4,flights,1571,number
2021-1-5,flights,1329,number
2021-1-6,flights,1260,number
2021-1-7,flights,1263,number
2021-1-8,flights,1464,number
2021-1-9,flights,1195,number
2021-1-10,flights,1336,number
2021-1-11,flights,1056,number
2021-1-12,flights,975,number
2021-1-13,flights,980,number
2021-1-14,flights,1080,number
2021-1-15,flights,1173,number
2021-1-16,flights,807,number
2021-1-17,flights,909,number
2021-1-18,flights,934,number
2021-1-19,flights,876,number
2021-1-20,flights,834,number
2021-1-21,flights,923,number
2021-1-22,flights,1073,number
2021-1-23,flights,696,number
2021-1-24,flights,752,number
2021-1-25,flights,852,number
2021-1-26,flights,839,number
2021-1-27,flights,860,number
2021-1-28,flights,929,number
2021-1-29,flights,983,number
2021-1-30,flights,759,number
2021-1-31,flights,812,number
2021-2-1,flights,848,number
2021-2-2,flights,825,number
2021-2-3,flights,871,number
2021-2-4,flights,908,number
2021-2-5,flights,1032,number
2021-2-6,flights,742,number
2021-2-7,flights,743,number
2021-2-8,flights,796,number
2021-2-9,flights,740,number
2021-2-10,flights,926,number
2021-2-11,flights,981,number
2021-2-12,flights,1058,number
2021-2-13,flights,771,number
2021-2-14,flights,772,number
2021-2-15,flights,892,number
2021-2-16,flights,798,number
2021-2-17,flights,862,number
2021-2-18,flights,974,number
2021-2-19,flights,976,number
2021-2-20,flights,700,number
2021-2-21,flights,835,number
2021-2-22,flights,885,number
2021-2-23,flights,796,number
2021-2-24,flights,929,number
2021-2-25,flights,1015,number
2021-2-26,flights,1059,number
2021-2-27,flights,768,number
2021-2-28,flights,879,number
2021-3-1,flights,944,number
2021-3-2,flights,904,number
2021-3-3,flights,977,number
2021-3-4,flights,1068,number
2021-3-5,flights,1092,number
2021-3-6,flights,743,number
2021-3-7,flights,864,number
2021-3-8,flights,937,number
2021-3-9,flights,913,number
2021-3-10,flights,953,number
2021-3-11,flights,976,number
2021-3-12,flights,1096,number
2021-3-13,flights,714,number
2021-3-14,flights,895,number
2021-3-15,flights,959,number
2021-3-16,flights,947,number
2021-3-17,flights,1068,number
2021-3-18,flights,1070,number
2021-3-19,flights,1209,number
2021-3-20,flights,799,number
2021-3-21,flights,927,number
2021-3-22,flights,985,number
2021-3-23,flights,910,number
2021-3-24,flights,980,number
2021-3-25,flights,1116,number
2021-3-26,flights,1282,number
2021-3-27,flights,848,number
2021-3-28,flights,980,number
2021-3-29,flights,1081,number
2021-3-30,flights,977,number
2021-3-31,flights,1193,number
2021-4-1,flights,1324,number
2021-4-2,flights,1177,number
2021-4-3,flights,834,number
2021-4-4,flights,891,number
2021-4-5,flights,926,number
2021-4-6,flights,953,number
2021-4-7,flights,1179,number
2021-4-8,flights,1207,number
2021-4-9,flights,1274,number
2021-4-10,flights,948,number
2021-4-11,flights,1071,number
2021-4-12,flights,1160,number
2021-4-13,flights,1076,number
2021-4-14,flights,1145,number
2021-4-15,flights,1216,number
2021-4-16,flights,1287,number
2021-4-17,flights,871,number
2021-4-18,flights,1134,number
2021-4-19,flights,1175,number
2021-4-20,flights,1041,number
2021-4-21,flights,1124,number
2021-4-22,flights,1196,number
2021-4-23,flights,1287,number
2021-4-24,flights,873,number
2021-4-25,flights,982,number
2021-4-26,flights,1152,number
2021-4-27,flights,1058,number
2021-4-28,flights,1132,number
2021-4-29,flights,1249,number
2021-4-30,flights,1395,number
2021-5-1,flights,958,number
2021-5-2,flights,1032,number
2021-5-3,flights,1113,number
2021-5-4,flights,1094,number
2021-5-5,flights,1162,number
2021-5-6,flights,1229,number
2021-5-7,flights,1422,number
2021-5-8,flights,851,number
2021-5-9,flights,1122,number
2021-5-10,flights,1300,number
2021-5-11,flights,1105,number
2021-5-12,flights,1166,number
2021-5-13,flights,1274,number
2021-5-14,flights,1355,number
2021-5-15,flights,899,number
2021-5-16,flights,1080,number
2021-5-17,flights,1493,number
2021-5-18,flights,1252,number
2021-5-19,flights,1391,number
2021-5-20,flights,1496,number
2021-5-21,flights,1692,number
2021-5-22,flights,1241,number
2021-5-23,flights,1430,number
2021-5-24,flights,1600,number
2021-5-25,flights,1347,number
2021-5-26,flights,1521,number
2021-5-27,flights,1748,number
2021-5-28,flights,2236,number
2021-5-29,flights,1771,number
2021-5-30,flights,1706,number
2021-5-31,flights,1518,number
2021-6-1,flights,1845,number
2021-6-2,flights,1818,number
2021-6-3,flights,1930,number
2021-6-4,flights,2252,number
2021-6-5,flights,1942,number
2021-6-6,flights,2132,number
2021-6-7,flights,2024,number
2021-6-8,flights,1666,number
2021-6-9,flights,1776,number
2021-6-10,flights,1833,number
2021-6-11,flights,2124,number
2021-6-12,flights,1593,number
2021-6-13,flights,1828,number
2021-6-14,flights,1911,number
2021-6-15,flights,1703,number
2021-6-16,flights,1855,number
2021-6-17,flights,2030,number
2021-6-18,flights,2217,number
2021-6-19,flights,1735,number
2021-6-20,flights,1993,number
2021-6-21,flights,1955,number
2021-6-22,flights,1815,number
2021-6-23,flights,1868,number
2021-6-24,flights,2012,number
2021-6-25,flights,2287,number
2021-6-26,flights,1857,number
2021-6-27,flights,1999,number
2021-6-28,flights,2095,number
2021-6-29,flights,1837,number
2021-6-30,flights,2006,number
2021-7-1,flights,2240,number
2021-7-2,flights,2483,number
2021-7-3,flights,2080,number
2021-7-4,flights,2139,number
2021-7-5,flights,2301,number
2021-7-6,flights,2040,number
2021-7-7,flights,2140,number
2021-7-8,flights,2336,number
2021-7-9,flights,2691,number
2021-7-10,flights,2346,number
2021-7-11,flights,2292,number
2021-7-12,flights,2453,number
2021-7-13,flights,2140,number
2021-7-14,flights,2143,number
2021-7-15,flights,2313,number
2021-7-16,flights,2895,number
2021-7-17,flights,2639,number
2021-7-18,flights,2611,number
2021-7-19,flights,2889,number
2021-7-20,flights,2623,number
2021-7-21,flights,2592,number
2021-7-22,flights,2857,number
2021-7-23,flights,3306,number
2021-7-24,flights,2939,number
2021-7-25,flights,2936,number
2021-7-26,flights,2923,number
2021-7-27,flights,2623,number
2021-7-28,flights,2696,number
2021-7-29,flights,2832,number
2021-7-30,flights,3271,number
2021-7-31,flights,3056,number
2021-8-1,flights,3104,number
2021-8-2,flights,3181,number
2021-8-3,flights,2935,number
2021-8-4,flights,2952,number
2021-8-5,flights,3048,number
2021-8-6,flights,3332,number
2021-8-7,flights,3135,number
2021-8-8,flights,3192,number
2021-8-9,flights,3118,number
2021-8-10,flights,2896,number
2021-8-11,flights,3019,number
2021-8-12,flights,3115,number
2021-8-13,flights,3422,number
2021-8-14,flights,3224,number
2021-8-15,flights,3197,number
2021-8-16,flights,3284,number
2021-8-17,flights,2967,number
2021-8-18,flights,3114,number
2021-8-19,flights,3204,number
2021-8-20,flights,3602,number
2021-8-21,flights,3230,number
2021-8-22,flights,3392,number
2021-8-23,flights,3404,number
2021-8-24,flights,3112,number
2021-8-25,flights,3299,number
2021-8-26,flights,3369,number
2021-8-27,flights,3687,number
2021-8-28,flights,3417,number
2021-8-29,flights,3547,number
2021-8-30,flights,3569,number
2021-8-31,flights,3395,number
2021-9-1,flights,3477,number
2021-9-2,flights,3556,number
2021-9-3,flights,3858,number
2021-9-4,flights,3462,number
2021-9-5,flights,3805,number
2021-9-6,flights,3706,number
2021-9-7,flights,3299,number
2021-9-8,flights,3373,number
2021-9-9,flights,3594,number
2021-9-10,flights,3934,number
2021-9-11,flights,3426,number
2021-9-12,flights,3721,number
2021-9-13,flights,3768,number
2021-9-14,flights,3244,number
2021-9-15,flights,3461,number
2021-9-16,flights,3551,number
2021-9-17,flights,3992,number
2021-9-18,flights,3371,number
2021-9-19,flights,3766,number
2021-9-20,flights,3749,number
2021-9-21,flights,3308,number
2021-9-22,flights,3404,number
2021-9-23,flights,3687,number
2021-9-24,flights,3977,number
2021-9-25,flights,3409,number
2021-9-26,flights,3726,number
2021-9-27,flights,3716,number
2021-9-28,flights,3192,number
2021-9-29,flights,3394,number
2021-9-30,flights,3534,number
2021-10-1,flights,4061,number
2021-10-2,flights,3290,number
2021-10-3,flights,3748,number
2021-10-4,flights,3779,number
2021-10-5,flights,3201,number
2021-10-6,flights,3364,number
2021-10-7,flights,3570,number
2021-10-8,flights,4083,number
2021-10-9,flights,3279,number
2021-10-10,flights,3662,number
2021-10-11,flights,3736,number
2021-10-12,flights,3276,number
2021-10-13,flights,3379,number
2021-10-14,flights,3630,number
2021-10-15,flights,4115,number
2021-10-16,flights,3495,number
2021-10-17,flights,3744,number
2021-10-18,flights,3715,number
2021-10-19,flights,3216,number
2021-10-20,flights,3382,number
2021-10-21,flights,3685,number
2021-10-22,flights,4251,number
2021-10-23,flights,3530,number
2021-10-24,flights,3799,number
2021-10-25,flights,3738,number
2021-10-26,flights,3218,number
2021-10-27,flights,3449,number
2021-10-28,flights,3590,number
2021-10-29,flights,4106,number
2021-10-30,flights,3561,number
2021-10-31,flights,4001,number
2021-11-1,flights,3823,number
2021-11-2,flights,3273,number
2021-11-3,flights,3295,number
2021-11-4,flights,3515,number
2021-11-5,flights,3861,number
2021-11-6,flights,2952,number
2021-11-7,flights,3484,number
2021-11-8,flights,3524,number
2021-11-9,flights,3079,number
2021-11-10,flights,3097,number
2021-11-11,flights,3376,number
2021-11-12,flights,3744,number
2021-11-13,flights,2755,number
2021-11-14,flights,3414,number
2021-11-15,flights,3517,number
2021-11-16,flights,3084,number
2021-11-17,flights,3072,number
2021-11-18,flights,3306,number
2021-11-19,flights,3768,number
2021-11-20,flights,2803,number
2021-11-21,flights,3323,number
2021-11-22,flights,3475,number
2021-11-23,flights,3022,number
2021-11-24,flights,3051,number
2021-11-25,flights,3409,number
2021-11-26,flights,3546,number
2021-11-27,flights,2604,number
2021-11-28,flights,3259,number
2021-11-29,flights,3555,number
2021-11-30,flights,2953,number
2021-12-1,flights,3025,number
2021-12-2,flights,3367,number
2021-12-3,flights,3622,number
2021-12-4,flights,2812,number
2021-12-5,flights,3291,number
2021-12-6,flights,3477,number
2021-12-7,flights,2765,number
2021-12-8,flights,3051,number
2021-12-9,flights,3348,number
2021-12-10,flights,3888,number
2021-12-11,flights,3067,number
2021-12-12,flights,3512,number
2021-12-13,flights,3655,number
2021-12-14,flights,3291,number
2021-12-15,flights,3504,number
2021-12-16,flights,3848,number
2021-12-17,flights,4446,number
2021-12-18,flights,3467,number
2021-12-19,flights,3709,number
2021-12-20,flights,4021,number
2021-12-21,flights,3581,number
2021-12-22,flights,3667,number
2021-12-23,flights,3767,number
2021-12-24,flights,2849,number
2021-12-25,flights,934,number
2021-12-26,flights,3135,number
2021-12-27,flights,3568,number
2021-12-28,flights,3238,number
2021-12-29,flights,3224,number
2021-12-30,flights,3358,number
2021-12-31,flights,2904,number
2022-1-1,flights,2501,number
2022-1-2,flights,3685,number
2022-1-3,flights,3745,number
2022-1-4,flights,3313,number
2022-1-5,flights,3166,number
2022-1-6,flights,3113,number
2022-1-7,flights,3483,number
2022-1-8,flights,3016,number
2022-1-9,flights,3465,number
2022-1-10,flights,2588,number
2022-1-11,flights,2187,number
2022-1-12,flights,2153,number
2022-1-13,flights,2427,number
2022-1-14,flights,2752,number
2022-1-15,flights,2312,number
2022-1-16,flights,2681,number
2022-1-17,flights,2410,number
2022-1-18,flights,2037,number
2022-1-19,flights,2084,number
2022-1-20,flights,2408,number
2022-1-21,flights,2801,number
2022-1-22,flights,2361,number
2022-1-23,flights,2697,number
2022-1-24,flights,2397,number
2022-1-25,flights,2040,number
2022-1-26,flights,2093,number
2022-1-27,flights,2413,number
2022-1-28,flights,2769,number
2022-1-29,flights,2261,number
2022-1-30,flights,2670,number
2022-1-31,flights,2429,number
2022-2-1,flights,2434,number
2022-2-2,flights,2580,number
2022-2-3,flights,2848,number
2022-2-4,flights,3238,number
2022-2-5,flights,2762,number
2022-2-6,flights,3214,number
2022-2-7,flights,3037,number
2022-2-8,flights,2638,number
2022-2-9,flights,2668,number
2022-2-10,flights,3325,number
2022-2-11,flights,3989,number
2022-2-12,flights,3602,number
2022-2-13,flights,3537,number
2022-2-14,flights,3422,number
2022-2-15,flights,2960,number
2022-2-16,flights,2879,number
2022-2-17,flights,3389,number
2022-2-18,flights,2902,number
2022-2-19,flights,3819,number
2022-2-20,flights,3743,number
2022-2-21,flights,3383,number
2022-2-22,flights,3083,number
2022-2-23,flights,3066,number
2022-2-24,flights,3421,number
2022-2-25,flights,3863,number
2022-2-26,flights,3202,number
2022-2-27,flights,3754,number
2022-2-28,flights,3659,number
2022-3-1,flights,3243,number
2022-3-2,flights,3338,number
2022-3-3,flights,3641,number
2022-3-4,flights,4074,number
2022-3-5,flights,3437,number
2022-3-6,flights,3805,number
2022-3-7,flights,3793,number
2022-3-8,flights,3400,number
2022-3-9,flights,3367,number
2022-3-10,flights,3807,number
2022-3-11,flights,4111,number
2022-3-12,flights,3453,number
2022-3-13,flights,3921,number
2022-3-14,flights,3883,number
2022-3-15,flights,3516,number
2022-3-16,flights,3501,number
2022-3-17,flights,3842,number
2022-3-18,flights,4239,number
2022-3-19,flights,3550,number
2022-3-20,flights,3913,number
2022-3-21,flights,3908,number
2022-3-22,flights,3473,number
2022-3-23,flights,3553,number
2022-3-24,flights,3813,number
2022-3-25,flights,4227,number
2022-3-26,flights,3573,number
2022-3-27,flights,4390,number
2022-3-28,flights,4748,number
2022-3-29,flights,4578,number
2022-3-30,flights,4397,number
2022-3-31,flights,4616,number
2022-4-1,flights,4916,number
2022-4-2,flights,4337,number
2022-4-3,flights,4524,number
2022-4-4,flights,4835,number
2022-4-5,flights,4582,number
2022-4-6,flights,4761,number
2022-4-7,flights,4874,number
2022-4-8,flights,5095,number
2022-4-9,flights,4518,number
2022-4-10,flights,4718,number
2022-4-11,flights,4956,number
2022-4-12,flights,4791,number
2022-4-13,flights,4752,number
2022-4-14,flights,5042,number
2022-4-15,flights,4895,number
2022-4-16,flights,4309,number
2022-4-17,flights,4550,number
2022-4-18,flights,4929,number
2022-4-19,flights,4920,number
2022-4-20,flights,4845,number
2022-4-21,flights,4894,number
2022-4-22,flights,5119,number
2022-4-23,flights,4266,number
2022-4-24,flights,4737,number
2022-4-25,flights,4956,number
2022-4-26,flights,4854,number
2022-4-27,flights,4830,number
2022-4-28,flights,5060,number
2022-4-29,flights,5351,number
2022-4-30,flights,4451,number
2022-5-1,flights,4870,number
2022-5-2,flights,5274,number
2022-5-3,flights,5131,number
2022-5-4,flights,5098,number
2022-5-5,flights,5388,number
2022-5-6,flights,5575,number
2022-5-7,flights,4675,number
2022-5-8,flights,5148,number
2022-5-9,flights,5402,number
2022-5-10,flights,5193,number
2022-5-11,flights,5227,number
2022-5-12,flights,5428,number
2022-5-13,flights,5636,number
2022-5-14,flights,4851,number
2022-5-15,flights,5169,number
2022-5-16,flights,5417,number
2022-5-17,flights,5294,number
2022-5-18,flights,5315,number
2022-5-19,flights,5540,number
2022-5-20,flights,5610,number
2022-5-21,flights,4929,number
2022-5-22,flights,5309,number
2022-5-23,flights,5572,number
2022-5-24,flights,5383,number
2022-5-25,flights,5530,number
2022-5-26,flights,5724,number
2022-5-27,flights,6130,number
2022-5-28,flights,5387,number
2022-5-29,flights,5446,number
2022-5-30,flights,5826,number
2022-5-31,flights,5522,number
2022-6-1,flights,5723,number
2022-6-2,flights,5635,number
2022-6-3,flights,5612,number
2022-6-4,flights,5177,number
2022-6-5,flights,5679,number
2022-6-6,flights,5970,number
2022-6-7,flights,5699,number
2022-6-8,flights,5609,number
2022-6-9,flights,5882,number
2022-6-10,flights,5989,number
2022-6-11,flights,5205,number
2022-6-12,flights,5570,number
2022-6-13,flights,5913,number
2022-6-14,flights,5726,number
2022-6-15,flights,5737,number
2022-6-16,flights,5861,number
2022-6-17,flights,5898,number
2022-6-18,flights,5098,number
2022-6-19,flights,5536,number
2022-6-20,flights,5791,number
2022-6-21,flights,5732,number
2022-6-22,flights,5669,number
2022-6-23,flights,5792,number
2022-6-24,flights,5907,number
2022-6-25,flights,5144,number
2022-6-26,flights,5485,number
2019-1-8,flights-7-day-average,5191,number
2019-1-9,flights-7-day-average,5128,number
2019-1-10,flights-7-day-average,5062,number
2019-1-11,flights-7-day-average,5025,number
2019-1-12,flights-7-day-average,4943,number
2019-1-13,flights-7-day-average,4874,number
2019-1-14,flights-7-day-average,4854,number
2019-1-15,flights-7-day-average,4844,number
2019-1-16,flights-7-day-average,4833,number
2019-1-17,flights-7-day-average,4834,number
2019-1-18,flights-7-day-average,4848,number
2019-1-19,flights-7-day-average,4840,number
2019-1-20,flights-7-day-average,4852,number
2019-1-21,flights-7-day-average,4855,number
2019-1-22,flights-7-day-average,4848,number
2019-1-23,flights-7-day-average,4846,number
2019-1-24,flights-7-day-average,4849,number
2019-1-25,flights-7-day-average,4852,number
2019-1-26,flights-7-day-average,4858,number
2019-1-27,flights-7-day-average,4854,number
2019-1-28,flights-7-day-average,4866,number
2019-1-29,flights-7-day-average,4878,number
2019-1-30,flights-7-day-average,4889,number
2019-1-31,flights-7-day-average,4880,number
2019-2-1,flights-7-day-average,4843,number
2019-2-2,flights-7-day-average,4864,number
2019-2-3,flights-7-day-average,4884,number
2019-2-4,flights-7-day-average,4886,number
2019-2-5,flights-7-day-average,4904,number
2019-2-6,flights-7-day-average,4930,number
2019-2-7,flights-7-day-average,4978,number
2019-2-8,flights-7-day-average,5025,number
2019-2-9,flights-7-day-average,5044,number
2019-2-10,flights-7-day-average,5052,number
2019-2-11,flights-7-day-average,5082,number
2019-2-12,flights-7-day-average,5122,number
2019-2-13,flights-7-day-average,5146,number
2019-2-14,flights-7-day-average,5173,number
2019-2-15,flights-7-day-average,5237,number
2019-2-16,flights-7-day-average,5317,number
2019-2-17,flights-7-day-average,5344,number
2019-2-18,flights-7-day-average,5352,number
2019-2-19,flights-7-day-average,5367,number
2019-2-20,flights-7-day-average,5366,number
2019-2-21,flights-7-day-average,5363,number
2019-2-22,flights-7-day-average,5313,number
2019-2-23,flights-7-day-average,5303,number
2019-2-24,flights-7-day-average,5360,number
2019-2-25,flights-7-day-average,5373,number
2019-2-26,flights-7-day-average,5380,number
2019-2-27,flights-7-day-average,5393,number
2019-2-28,flights-7-day-average,5399,number
2019-3-1,flights-7-day-average,5429,number
2019-3-2,flights-7-day-average,5383,number
2019-3-3,flights-7-day-average,5304,number
2019-3-4,flights-7-day-average,5300,number
2019-3-5,flights-7-day-average,5291,number
2019-3-6,flights-7-day-average,5290,number
2019-3-7,flights-7-day-average,5292,number
2019-3-8,flights-7-day-average,5294,number
2019-3-9,flights-7-day-average,5289,number
2019-3-10,flights-7-day-average,5294,number
2019-3-11,flights-7-day-average,5309,number
2019-3-12,flights-7-day-average,5302,number
2019-3-13,flights-7-day-average,5297,number
2019-3-14,flights-7-day-average,5297,number
2019-3-15,flights-7-day-average,5304,number
2019-3-16,flights-7-day-average,5312,number
2019-3-17,flights-7-day-average,5332,number
2019-3-18,flights-7-day-average,5332,number
2019-3-19,flights-7-day-average,5349,number
2019-3-20,flights-7-day-average,5364,number
2019-3-21,flights-7-day-average,5376,number
2019-3-22,flights-7-day-average,5377,number
2019-3-23,flights-7-day-average,5376,number
2019-3-24,flights-7-day-average,5375,number
2019-3-25,flights-7-day-average,5364,number
2019-3-26,flights-7-day-average,5368,number
2019-3-27,flights-7-day-average,5377,number
2019-3-28,flights-7-day-average,5383,number
2019-3-29,flights-7-day-average,5396,number
2019-3-30,flights-7-day-average,5413,number
2019-3-31,flights-7-day-average,5420,number
2019-4-1,flights-7-day-average,5482,number
2019-4-2,flights-7-day-average,5568,number
2019-4-3,flights-7-day-average,5664,number
2019-4-4,flights-7-day-average,5717,number
2019-4-5,flights-7-day-average,5760,number
2019-4-6,flights-7-day-average,5841,number
2019-4-7,flights-7-day-average,5891,number
2019-4-8,flights-7-day-average,5900,number
2019-4-9,flights-7-day-average,5916,number
2019-4-10,flights-7-day-average,5938,number
2019-4-11,flights-7-day-average,5955,number
2019-4-12,flights-7-day-average,5967,number
2019-4-13,flights-7-day-average,5969,number
2019-4-14,flights-7-day-average,5976,number
2019-4-15,flights-7-day-average,5975,number
2019-4-16,flights-7-day-average,5973,number
2019-4-17,flights-7-day-average,5962,number
2019-4-18,flights-7-day-average,5972,number
2019-4-19,flights-7-day-average,5899,number
2019-4-20,flights-7-day-average,5871,number
2019-4-21,flights-7-day-average,5842,number
2019-4-22,flights-7-day-average,5811,number
2019-4-23,flights-7-day-average,5821,number
2019-4-24,flights-7-day-average,5820,number
2019-4-25,flights-7-day-average,5797,number
2019-4-26,flights-7-day-average,5853,number
2019-4-27,flights-7-day-average,5853,number
2019-4-28,flights-7-day-average,5870,number
2019-4-29,flights-7-day-average,5913,number
2019-4-30,flights-7-day-average,5925,number
2019-5-1,flights-7-day-average,5950,number
2019-5-2,flights-7-day-average,5992,number
2019-5-3,flights-7-day-average,6052,number
2019-5-4,flights-7-day-average,6095,number
2019-5-5,flights-7-day-average,6127,number
2019-5-6,flights-7-day-average,6109,number
2019-5-7,flights-7-day-average,6150,number
2019-5-8,flights-7-day-average,6169,number
2019-5-9,flights-7-day-average,6142,number
2019-5-10,flights-7-day-average,6141,number
2019-5-11,flights-7-day-average,6159,number
2019-5-12,flights-7-day-average,6191,number
2019-5-13,flights-7-day-average,6245,number
2019-5-14,flights-7-day-average,6233,number
2019-5-15,flights-7-day-average,6239,number
2019-5-16,flights-7-day-average,6282,number
2019-5-17,flights-7-day-average,6276,number
2019-5-18,flights-7-day-average,6289,number
2019-5-19,flights-7-day-average,6272,number
2019-5-20,flights-7-day-average,6299,number
2019-5-21,flights-7-day-average,6295,number
2019-5-22,flights-7-day-average,6319,number
2019-5-23,flights-7-day-average,6347,number
2019-5-24,flights-7-day-average,6412,number
2019-5-25,flights-7-day-average,6457,number
2019-5-26,flights-7-day-average,6481,number
2019-5-27,flights-7-day-average,6453,number
2019-5-28,flights-7-day-average,6500,number
2019-5-29,flights-7-day-average,6517,number
2019-5-30,flights-7-day-average,6523,number
2019-5-31,flights-7-day-average,6506,number
2019-6-1,flights-7-day-average,6525,number
2019-6-2,flights-7-day-average,6606,number
2019-6-3,flights-7-day-average,6660,number
2019-6-4,flights-7-day-average,6669,number
2019-6-5,flights-7-day-average,6690,number
2019-6-6,flights-7-day-average,6712,number
2019-6-7,flights-7-day-average,6704,number
2019-6-8,flights-7-day-average,6682,number
2019-6-9,flights-7-day-average,6616,number
2019-6-10,flights-7-day-average,6608,number
2019-6-11,flights-7-day-average,6607,number
2019-6-12,flights-7-day-average,6585,number
2019-6-13,flights-7-day-average,6593,number
2019-6-14,flights-7-day-average,6607,number
2019-6-15,flights-7-day-average,6610,number
2019-6-16,flights-7-day-average,6633,number
2019-6-17,flights-7-day-average,6658,number
2019-6-18,flights-7-day-average,6662,number
2019-6-19,flights-7-day-average,6682,number
2019-6-20,flights-7-day-average,6688,number
2019-6-21,flights-7-day-average,6691,number
2019-6-22,flights-7-day-average,6690,number
2019-6-23,flights-7-day-average,6688,number
2019-6-24,flights-7-day-average,6674,number
2019-6-25,flights-7-day-average,6678,number
2019-6-26,flights-7-day-average,6681,number
2019-6-27,flights-7-day-average,6687,number
2019-6-28,flights-7-day-average,6683,number
2019-6-29,flights-7-day-average,6687,number
2019-6-30,flights-7-day-average,6691,number
2019-7-1,flights-7-day-average,6705,number
2019-7-2,flights-7-day-average,6711,number
2019-7-3,flights-7-day-average,6715,number
2019-7-4,flights-7-day-average,6714,number
2019-7-5,flights-7-day-average,6724,number
2019-7-6,flights-7-day-average,6739,number
2019-7-7,flights-7-day-average,6737,number
2019-7-8,flights-7-day-average,6731,number
2019-7-9,flights-7-day-average,6725,number
2019-7-10,flights-7-day-average,6712,number
2019-7-11,flights-7-day-average,6709,number
2019-7-12,flights-7-day-average,6698,number
2019-7-13,flights-7-day-average,6709,number
2019-7-14,flights-7-day-average,6724,number
2019-7-15,flights-7-day-average,6734,number
2019-7-16,flights-7-day-average,6728,number
2019-7-17,flights-7-day-average,6741,number
2019-7-18,flights-7-day-average,6735,number
2019-7-19,flights-7-day-average,6728,number
2019-7-20,flights-7-day-average,6713,number
2019-7-21,flights-7-day-average,6695,number
2019-7-22,flights-7-day-average,6678,number
2019-7-23,flights-7-day-average,6675,number
2019-7-24,flights-7-day-average,6657,number
2019-7-25,flights-7-day-average,6592,number
2019-7-26,flights-7-day-average,6572,number
2019-7-27,flights-7-day-average,6569,number
2019-7-28,flights-7-day-average,6556,number
2019-7-29,flights-7-day-average,6551,number
2019-7-30,flights-7-day-average,6549,number
2019-7-31,flights-7-day-average,6557,number
2019-8-1,flights-7-day-average,6608,number
2019-8-2,flights-7-day-average,6623,number
2019-8-3,flights-7-day-average,6631,number
2019-8-4,flights-7-day-average,6640,number
2019-8-5,flights-7-day-average,6631,number
2019-8-6,flights-7-day-average,6615,number
2019-8-7,flights-7-day-average,6576,number
2019-8-8,flights-7-day-average,6567,number
2019-8-9,flights-7-day-average,6540,number
2019-8-10,flights-7-day-average,6519,number
2019-8-11,flights-7-day-average,6523,number
2019-8-12,flights-7-day-average,6522,number
2019-8-13,flights-7-day-average,6531,number
2019-8-14,flights-7-day-average,6554,number
2019-8-15,flights-7-day-average,6551,number
2019-8-16,flights-7-day-average,6575,number
2019-8-17,flights-7-day-average,6585,number
2019-8-18,flights-7-day-average,6585,number
2019-8-19,flights-7-day-average,6592,number
2019-8-20,flights-7-day-average,6598,number
2019-8-21,flights-7-day-average,6613,number
2019-8-22,flights-7-day-average,6623,number
2019-8-23,flights-7-day-average,6633,number
2019-8-24,flights-7-day-average,6636,number
2019-8-25,flights-7-day-average,6632,number
2019-8-26,flights-7-day-average,6598,number
2019-8-27,flights-7-day-average,6608,number
2019-8-28,flights-7-day-average,6617,number
2019-8-29,flights-7-day-average,6631,number
2019-8-30,flights-7-day-average,6647,number
2019-8-31,flights-7-day-average,6664,number
2019-9-1,flights-7-day-average,6661,number
2019-9-2,flights-7-day-average,6715,number
2019-9-3,flights-7-day-average,6717,number
2019-9-4,flights-7-day-average,6709,number
2019-9-5,flights-7-day-average,6710,number
2019-9-6,flights-7-day-average,6679,number
2019-9-7,flights-7-day-average,6650,number
2019-9-8,flights-7-day-average,6669,number
2019-9-9,flights-7-day-average,6617,number
2019-9-10,flights-7-day-average,6601,number
2019-9-11,flights-7-day-average,6591,number
2019-9-12,flights-7-day-average,6589,number
2019-9-13,flights-7-day-average,6617,number
2019-9-14,flights-7-day-average,6612,number
2019-9-15,flights-7-day-average,6607,number
2019-9-16,flights-7-day-average,6648,number
2019-9-17,flights-7-day-average,6656,number
2019-9-18,flights-7-day-average,6659,number
2019-9-19,flights-7-day-average,6655,number
2019-9-20,flights-7-day-average,6651,number
2019-9-21,flights-7-day-average,6640,number
2019-9-22,flights-7-day-average,6625,number
2019-9-23,flights-7-day-average,6617,number
2019-9-24,flights-7-day-average,6581,number
2019-9-25,flights-7-day-average,6575,number
2019-9-26,flights-7-day-average,6570,number
2019-9-27,flights-7-day-average,6491,number
2019-9-28,flights-7-day-average,6475,number
2019-9-29,flights-7-day-average,6466,number
2019-9-30,flights-7-day-average,6460,number
2019-10-1,flights-7-day-average,6423,number
2019-10-2,flights-7-day-average,6392,number
2019-10-3,flights-7-day-average,6349,number
2019-10-4,flights-7-day-average,6387,number
2019-10-5,flights-7-day-average,6352,number
2019-10-6,flights-7-day-average,6330,number
2019-10-7,flights-7-day-average,6285,number
2019-10-8,flights-7-day-average,6263,number
2019-10-9,flights-7-day-average,6210,number
2019-10-10,flights-7-day-average,6189,number
2019-10-11,flights-7-day-average,6164,number
2019-10-12,flights-7-day-average,6138,number
2019-10-13,flights-7-day-average,6108,number
2019-10-14,flights-7-day-average,6097,number
2019-10-15,flights-7-day-average,6113,number
2019-10-16,flights-7-day-average,6121,number
2019-10-17,flights-7-day-average,6116,number
2019-10-18,flights-7-day-average,6124,number
2019-10-19,flights-7-day-average,6144,number
2019-10-20,flights-7-day-average,6148,number
2019-10-21,flights-7-day-average,6151,number
2019-10-22,flights-7-day-average,6140,number
2019-10-23,flights-7-day-average,6148,number
2019-10-24,flights-7-day-average,6152,number
2019-10-25,flights-7-day-average,6124,number
2019-10-26,flights-7-day-average,6112,number
2019-10-27,flights-7-day-average,6061,number
2019-10-28,flights-7-day-average,5996,number
2019-10-29,flights-7-day-average,5928,number
2019-10-30,flights-7-day-average,5832,number
2019-10-31,flights-7-day-average,5749,number
2019-11-1,flights-7-day-average,5669,number
2019-11-2,flights-7-day-average,5567,number
2019-11-3,flights-7-day-average,5539,number
2019-11-4,flights-7-day-average,5503,number
2019-11-5,flights-7-day-average,5439,number
2019-11-6,flights-7-day-average,5356,number
2019-11-7,flights-7-day-average,5280,number
2019-11-8,flights-7-day-average,5254,number
2019-11-9,flights-7-day-average,5175,number
2019-11-10,flights-7-day-average,5130,number
2019-11-11,flights-7-day-average,5105,number
2019-11-12,flights-7-day-average,5050,number
2019-11-13,flights-7-day-average,5021,number
2019-11-14,flights-7-day-average,5019,number
2019-11-15,flights-7-day-average,5020,number
2019-11-16,flights-7-day-average,5015,number
2019-11-17,flights-7-day-average,5006,number
2019-11-18,flights-7-day-average,4994,number
2019-11-19,flights-7-day-average,4986,number
2019-11-20,flights-7-day-average,4991,number
2019-11-21,flights-7-day-average,4975,number
2019-11-22,flights-7-day-average,4967,number
2019-11-23,flights-7-day-average,4948,number
2019-11-24,flights-7-day-average,4936,number
2019-11-25,flights-7-day-average,4914,number
2019-11-26,flights-7-day-average,4915,number
2019-11-27,flights-7-day-average,4914,number
2019-11-28,flights-7-day-average,4915,number
2019-11-29,flights-7-day-average,4895,number
2019-11-30,flights-7-day-average,4903,number
2019-12-1,flights-7-day-average,4913,number
2019-12-2,flights-7-day-average,4948,number
2019-12-3,flights-7-day-average,4987,number
2019-12-4,flights-7-day-average,5034,number
2019-12-5,flights-7-day-average,5045,number
2019-12-6,flights-7-day-average,5063,number
2019-12-7,flights-7-day-average,5095,number
2019-12-8,flights-7-day-average,5102,number
2019-12-9,flights-7-day-average,5111,number
2019-12-10,flights-7-day-average,5101,number
2019-12-11,flights-7-day-average,5109,number
2019-12-12,flights-7-day-average,5139,number
2019-12-13,flights-7-day-average,5164,number
2019-12-14,flights-7-day-average,5219,number
2019-12-15,flights-7-day-average,5244,number
2019-12-16,flights-7-day-average,5245,number
2019-12-17,flights-7-day-average,5265,number
2019-12-18,flights-7-day-average,5272,number
2019-12-19,flights-7-day-average,5320,number
2019-12-20,flights-7-day-average,5336,number
2019-12-21,flights-7-day-average,5402,number
2019-12-22,flights-7-day-average,5422,number
2019-12-23,flights-7-day-average,5409,number
2019-12-24,flights-7-day-average,5245,number
2019-12-25,flights-7-day-average,5107,number
2019-12-26,flights-7-day-average,4921,number
2019-12-27,flights-7-day-average,4861,number
2019-12-28,flights-7-day-average,4836,number
2019-12-29,flights-7-day-average,4813,number
2019-12-30,flights-7-day-average,4763,number
2019-12-31,flights-7-day-average,4795,number
2020-1-1,flights-7-day-average,4761,number
2020-1-2,flights-7-day-average,4869,number
2020-1-3,flights-7-day-average,4872,number
2020-1-4,flights-7-day-average,4865,number
2020-1-5,flights-7-day-average,4889,number
2020-1-6,flights-7-day-average,4904,number
2020-1-7,flights-7-day-average,4978,number
2020-1-8,flights-7-day-average,5053,number
2020-1-9,flights-7-day-average,4989,number
2020-1-10,flights-7-day-average,4954,number
2020-1-11,flights-7-day-average,4862,number
2020-1-12,flights-7-day-average,4799,number
2020-1-13,flights-7-day-average,4739,number
2020-1-14,flights-7-day-average,4667,number
2020-1-15,flights-7-day-average,4651,number
2020-1-16,flights-7-day-average,4648,number
2020-1-17,flights-7-day-average,4650,number
2020-1-18,flights-7-day-average,4644,number
2020-1-19,flights-7-day-average,4650,number
2020-1-20,flights-7-day-average,4678,number
2020-1-21,flights-7-day-average,4713,number
2020-1-22,flights-7-day-average,4696,number
2020-1-23,flights-7-day-average,4710,number
2020-1-24,flights-7-day-average,4728,number
2020-1-25,flights-7-day-average,4725,number
2020-1-26,flights-7-day-average,4717,number
2020-1-27,flights-7-day-average,4718,number
2020-1-28,flights-7-day-average,4713,number
2020-1-29,flights-7-day-average,4736,number
2020-1-30,flights-7-day-average,4733,number
2020-1-31,flights-7-day-average,4730,number
2020-2-1,flights-7-day-average,4753,number
2020-2-2,flights-7-day-average,4758,number
2020-2-3,flights-7-day-average,4772,number
2020-2-4,flights-7-day-average,4800,number
2020-2-5,flights-7-day-average,4829,number
2020-2-6,flights-7-day-average,4856,number
2020-2-7,flights-7-day-average,4872,number
2020-2-8,flights-7-day-average,4888,number
2020-2-9,flights-7-day-average,4855,number
2020-2-10,flights-7-day-average,4844,number
2020-2-11,flights-7-day-average,4852,number
2020-2-12,flights-7-day-average,4880,number
2020-2-13,flights-7-day-average,4915,number
2020-2-14,flights-7-day-average,4964,number
2020-2-15,flights-7-day-average,4978,number
2020-2-16,flights-7-day-average,5005,number
2020-2-17,flights-7-day-average,5053,number
2020-2-18,flights-7-day-average,5108,number
2020-2-19,flights-7-day-average,5123,number
2020-2-20,flights-7-day-average,5124,number
2020-2-21,flights-7-day-average,5102,number
2020-2-22,flights-7-day-average,5151,number
2020-2-23,flights-7-day-average,5227,number
2020-2-24,flights-7-day-average,5256,number
2020-2-25,flights-7-day-average,5285,number
2020-2-26,flights-7-day-average,5305,number
2020-2-27,flights-7-day-average,5326,number
2020-2-28,flights-7-day-average,5320,number
2020-2-29,flights-7-day-average,5276,number
2020-3-1,flights-7-day-average,5248,number
2020-3-2,flights-7-day-average,5235,number
2020-3-3,flights-7-day-average,5225,number
2020-3-4,flights-7-day-average,5202,number
2020-3-5,flights-7-day-average,5137,number
2020-3-6,flights-7-day-average,5083,number
2020-3-7,flights-7-day-average,5056,number
2020-3-8,flights-7-day-average,5011,number
2020-3-9,flights-7-day-average,4965,number
2020-3-10,flights-7-day-average,4876,number
2020-3-11,flights-7-day-average,4796,number
2020-3-12,flights-7-day-average,4783,number
2020-3-13,flights-7-day-average,4762,number
2020-3-14,flights-7-day-average,4726,number
2020-3-15,flights-7-day-average,4654,number
2020-3-16,flights-7-day-average,4556,number
2020-3-17,flights-7-day-average,4428,number
2020-3-18,flights-7-day-average,4275,number
2020-3-19,flights-7-day-average,4043,number
2020-3-20,flights-7-day-average,3772,number
2020-3-21,flights-7-day-average,3463,number
2020-3-22,flights-7-day-average,3099,number
2020-3-23,flights-7-day-average,2696,number
2020-3-24,flights-7-day-average,2377,number
2020-3-25,flights-7-day-average,2065,number
2020-3-26,flights-7-day-average,1754,number
2020-3-27,flights-7-day-average,1438,number
2020-3-28,flights-7-day-average,1267,number
2020-3-29,flights-7-day-average,1096,number
2020-3-30,flights-7-day-average,952,number
2020-3-31,flights-7-day-average,857,number
2020-4-1,flights-7-day-average,801,number
2020-4-2,flights-7-day-average,736,number
2020-4-3,flights-7-day-average,680,number
2020-4-4,flights-7-day-average,642,number
2020-4-5,flights-7-day-average,607,number
2020-4-6,flights-7-day-average,586,number
2020-4-7,flights-7-day-average,569,number
2020-4-8,flights-7-day-average,557,number
2020-4-9,flights-7-day-average,545,number
2020-4-10,flights-7-day-average,518,number
2020-4-11,flights-7-day-average,500,number
2020-4-12,flights-7-day-average,483,number
2020-4-13,flights-7-day-average,462,number
2020-4-14,flights-7-day-average,453,number
2020-4-15,flights-7-day-average,449,number
2020-4-16,flights-7-day-average,452,number
2020-4-17,flights-7-day-average,463,number
2020-4-18,flights-7-day-average,470,number
2020-4-19,flights-7-day-average,478,number
2020-4-20,flights-7-day-average,505,number
2020-4-21,flights-7-day-average,509,number
2020-4-22,flights-7-day-average,516,number
2020-4-23,flights-7-day-average,519,number
2020-4-24,flights-7-day-average,526,number
2020-4-25,flights-7-day-average,529,number
2020-4-26,flights-7-day-average,530,number
2020-4-27,flights-7-day-average,533,number
2020-4-28,flights-7-day-average,538,number
2020-4-29,flights-7-day-average,542,number
2020-4-30,flights-7-day-average,548,number
2020-5-1,flights-7-day-average,549,number
2020-5-2,flights-7-day-average,549,number
2020-5-3,flights-7-day-average,559,number
2020-5-4,flights-7-day-average,562,number
2020-5-5,flights-7-day-average,568,number
2020-5-6,flights-7-day-average,578,number
2020-5-7,flights-7-day-average,583,number
2020-5-8,flights-7-day-average,578,number
2020-5-9,flights-7-day-average,580,number
2020-5-10,flights-7-day-average,585,number
2020-5-11,flights-7-day-average,593,number
2020-5-12,flights-7-day-average,601,number
2020-5-13,flights-7-day-average,599,number
2020-5-14,flights-7-day-average,601,number
2020-5-15,flights-7-day-average,620,number
2020-5-16,flights-7-day-average,628,number
2020-5-17,flights-7-day-average,625,number
2020-5-18,flights-7-day-average,632,number
2020-5-19,flights-7-day-average,632,number
2020-5-20,flights-7-day-average,641,number
2020-5-21,flights-7-day-average,641,number
2020-5-22,flights-7-day-average,639,number
2020-5-23,flights-7-day-average,650,number
2020-5-24,flights-7-day-average,658,number
2020-5-25,flights-7-day-average,650,number
2020-5-26,flights-7-day-average,663,number
2020-5-27,flights-7-day-average,672,number
2020-5-28,flights-7-day-average,677,number
2020-5-29,flights-7-day-average,698,number
2020-5-30,flights-7-day-average,696,number
2020-5-31,flights-7-day-average,696,number
2020-6-1,flights-7-day-average,708,number
2020-6-2,flights-7-day-average,718,number
2020-6-3,flights-7-day-average,728,number
2020-6-4,flights-7-day-average,751,number
2020-6-5,flights-7-day-average,765,number
2020-6-6,flights-7-day-average,785,number
2020-6-7,flights-7-day-average,810,number
2020-6-8,flights-7-day-average,822,number
2020-6-9,flights-7-day-average,815,number
2020-6-10,flights-7-day-average,807,number
2020-6-11,flights-7-day-average,791,number
2020-6-12,flights-7-day-average,778,number
2020-6-13,flights-7-day-average,758,number
2020-6-14,flights-7-day-average,742,number
2020-6-15,flights-7-day-average,752,number
2020-6-16,flights-7-day-average,761,number
2020-6-17,flights-7-day-average,768,number
2020-6-18,flights-7-day-average,785,number
2020-6-19,flights-7-day-average,798,number
2020-6-20,flights-7-day-average,806,number
2020-6-21,flights-7-day-average,822,number
2020-6-22,flights-7-day-average,842,number
2020-6-23,flights-7-day-average,859,number
2020-6-24,flights-7-day-average,877,number
2020-6-25,flights-7-day-average,899,number
2020-6-26,flights-7-day-average,915,number
2020-6-27,flights-7-day-average,931,number
2020-6-28,flights-7-day-average,936,number
2020-6-29,flights-7-day-average,931,number
2020-6-30,flights-7-day-average,941,number
2020-7-1,flights-7-day-average,1023,number
2020-7-2,flights-7-day-average,1094,number
2020-7-3,flights-7-day-average,1183,number
2020-7-4,flights-7-day-average,1271,number
2020-7-5,flights-7-day-average,1363,number
2020-7-6,flights-7-day-average,1455,number
2020-7-7,flights-7-day-average,1528,number
2020-7-8,flights-7-day-average,1531,number
2020-7-9,flights-7-day-average,1550,number
2020-7-10,flights-7-day-average,1584,number
2020-7-11,flights-7-day-average,1614,number
2020-7-12,flights-7-day-average,1640,number
2020-7-13,flights-7-day-average,1654,number
2020-7-14,flights-7-day-average,1674,number
2020-7-15,flights-7-day-average,1714,number
2020-7-16,flights-7-day-average,1774,number
2020-7-17,flights-7-day-average,1825,number
2020-7-18,flights-7-day-average,1889,number
2020-7-19,flights-7-day-average,1951,number
2020-7-20,flights-7-day-average,2014,number
2020-7-21,flights-7-day-average,2067,number
2020-7-22,flights-7-day-average,2098,number
2020-7-23,flights-7-day-average,2105,number
2020-7-24,flights-7-day-average,2127,number
2020-7-25,flights-7-day-average,2160,number
2020-7-26,flights-7-day-average,2190,number
2020-7-27,flights-7-day-average,2192,number
2020-7-28,flights-7-day-average,2195,number
2020-7-29,flights-7-day-average,2204,number
2020-7-30,flights-7-day-average,2208,number
2020-7-31,flights-7-day-average,2224,number
2020-8-1,flights-7-day-average,2308,number
2020-8-2,flights-7-day-average,2384,number
2020-8-3,flights-7-day-average,2485,number
2020-8-4,flights-7-day-average,2547,number
2020-8-5,flights-7-day-average,2606,number
2020-8-6,flights-7-day-average,2677,number
2020-8-7,flights-7-day-average,2741,number
2020-8-8,flights-7-day-average,2723,number
2020-8-9,flights-7-day-average,2724,number
2020-8-10,flights-7-day-average,2719,number
2020-8-11,flights-7-day-average,2718,number
2020-8-12,flights-7-day-average,2713,number
2020-8-13,flights-7-day-average,2696,number
2020-8-14,flights-7-day-average,2702,number
2020-8-15,flights-7-day-average,2704,number
2020-8-16,flights-7-day-average,2705,number
2020-8-17,flights-7-day-average,2697,number
2020-8-18,flights-7-day-average,2699,number
2020-8-19,flights-7-day-average,2710,number
2020-8-20,flights-7-day-average,2731,number
2020-8-21,flights-7-day-average,2723,number
2020-8-22,flights-7-day-average,2726,number
2020-8-23,flights-7-day-average,2734,number
2020-8-24,flights-7-day-average,2754,number
2020-8-25,flights-7-day-average,2755,number
2020-8-26,flights-7-day-average,2766,number
2020-8-27,flights-7-day-average,2778,number
2020-8-28,flights-7-day-average,2806,number
2020-8-29,flights-7-day-average,2818,number
2020-8-30,flights-7-day-average,2836,number
2020-8-31,flights-7-day-average,2848,number
2020-9-1,flights-7-day-average,2875,number
2020-9-2,flights-7-day-average,2858,number
2020-9-3,flights-7-day-average,2848,number
2020-9-4,flights-7-day-average,2833,number
2020-9-5,flights-7-day-average,2804,number
2020-9-6,flights-7-day-average,2786,number
2020-9-7,flights-7-day-average,2750,number
2020-9-8,flights-7-day-average,2713,number
2020-9-9,flights-7-day-average,2703,number
2020-9-10,flights-7-day-average,2693,number
2020-9-11,flights-7-day-average,2701,number
2020-9-12,flights-7-day-average,2688,number
2020-9-13,flights-7-day-average,2681,number
2020-9-14,flights-7-day-average,2680,number
2020-9-15,flights-7-day-average,2679,number
2020-9-16,flights-7-day-average,2675,number
2020-9-17,flights-7-day-average,2681,number
2020-9-18,flights-7-day-average,2674,number
2020-9-19,flights-7-day-average,2666,number
2020-9-20,flights-7-day-average,2665,number
2020-9-21,flights-7-day-average,2659,number
2020-9-22,flights-7-day-average,2650,number
2020-9-23,flights-7-day-average,2640,number
2020-9-24,flights-7-day-average,2627,number
2020-9-25,flights-7-day-average,2614,number
2020-9-26,flights-7-day-average,2611,number
2020-9-27,flights-7-day-average,2600,number
2020-9-28,flights-7-day-average,2596,number
2020-9-29,flights-7-day-average,2590,number
2020-9-30,flights-7-day-average,2575,number
2020-10-1,flights-7-day-average,2541,number
2020-10-2,flights-7-day-average,2514,number
2020-10-3,flights-7-day-average,2488,number
2020-10-4,flights-7-day-average,2451,number
2020-10-5,flights-7-day-average,2418,number
2020-10-6,flights-7-day-average,2385,number
2020-10-7,flights-7-day-average,2360,number
2020-10-8,flights-7-day-average,2353,number
2020-10-9,flights-7-day-average,2339,number
2020-10-10,flights-7-day-average,2321,number
2020-10-11,flights-7-day-average,2304,number
2020-10-12,flights-7-day-average,2279,number
2020-10-13,flights-7-day-average,2252,number
2020-10-14,flights-7-day-average,2230,number
2020-10-15,flights-7-day-average,2206,number
2020-10-16,flights-7-day-average,2203,number
2020-10-17,flights-7-day-average,2208,number
2020-10-18,flights-7-day-average,2196,number
2020-10-19,flights-7-day-average,2171,number
2020-10-20,flights-7-day-average,2152,number
2020-10-21,flights-7-day-average,2131,number
2020-10-22,flights-7-day-average,2113,number
2020-10-23,flights-7-day-average,2077,number
2020-10-24,flights-7-day-average,2057,number
2020-10-25,flights-7-day-average,2058,number
2020-10-26,flights-7-day-average,2064,number
2020-10-27,flights-7-day-average,2062,number
2020-10-28,flights-7-day-average,2061,number
2020-10-29,flights-7-day-average,2062,number
2020-10-30,flights-7-day-average,2075,number
2020-10-31,flights-7-day-average,2074,number
2020-11-1,flights-7-day-average,2077,number
2020-11-2,flights-7-day-average,2061,number
2020-11-3,flights-7-day-average,2055,number
2020-11-4,flights-7-day-average,2054,number
2020-11-5,flights-7-day-average,2000,number
2020-11-6,flights-7-day-average,1923,number
2020-11-7,flights-7-day-average,1834,number
2020-11-8,flights-7-day-average,1731,number
2020-11-9,flights-7-day-average,1646,number
2020-11-10,flights-7-day-average,1578,number
2020-11-11,flights-7-day-average,1495,number
2020-11-12,flights-7-day-average,1451,number
2020-11-13,flights-7-day-average,1390,number
2020-11-14,flights-7-day-average,1330,number
2020-11-15,flights-7-day-average,1277,number
2020-11-16,flights-7-day-average,1254,number
2020-11-17,flights-7-day-average,1234,number
2020-11-18,flights-7-day-average,1213,number
2020-11-19,flights-7-day-average,1200,number
2020-11-20,flights-7-day-average,1165,number
2020-11-21,flights-7-day-average,1151,number
2020-11-22,flights-7-day-average,1128,number
2020-11-23,flights-7-day-average,1110,number
2020-11-24,flights-7-day-average,1105,number
2020-11-25,flights-7-day-average,1110,number
2020-11-26,flights-7-day-average,1097,number
2020-11-27,flights-7-day-average,1091,number
2020-11-28,flights-7-day-average,1090,number
2020-11-29,flights-7-day-average,1091,number
2020-11-30,flights-7-day-average,1093,number
2020-12-1,flights-7-day-average,1106,number
2020-12-2,flights-7-day-average,1127,number
2020-12-3,flights-7-day-average,1158,number
2020-12-4,flights-7-day-average,1210,number
2020-12-5,flights-7-day-average,1250,number
2020-12-6,flights-7-day-average,1291,number
2020-12-7,flights-7-day-average,1318,number
2020-12-8,flights-7-day-average,1343,number
2020-12-9,flights-7-day-average,1369,number
2020-12-10,flights-7-day-average,1408,number
2020-12-11,flights-7-day-average,1449,number
2020-12-12,flights-7-day-average,1489,number
2020-12-13,flights-7-day-average,1527,number
2020-12-14,flights-7-day-average,1560,number
2020-12-15,flights-7-day-average,1591,number
2020-12-16,flights-7-day-average,1611,number
2020-12-17,flights-7-day-average,1689,number
2020-12-18,flights-7-day-average,1773,number
2020-12-19,flights-7-day-average,1882,number
2020-12-20,flights-7-day-average,1981,number
2020-12-21,flights-7-day-average,2016,number
2020-12-22,flights-7-day-average,2010,number
2020-12-23,flights-7-day-average,2023,number
2020-12-24,flights-7-day-average,1885,number
2020-12-25,flights-7-day-average,1728,number
2020-12-26,flights-7-day-average,1545,number
2020-12-27,flights-7-day-average,1414,number
2020-12-28,flights-7-day-average,1332,number
2020-12-29,flights-7-day-average,1293,number
2020-12-30,flights-7-day-average,1247,number
2020-12-31,flights-7-day-average,1207,number
2021-1-1,flights-7-day-average,1117,number
2021-1-2,flights-7-day-average,1186,number
2021-1-3,flights-7-day-average,1242,number
2021-1-4,flights-7-day-average,1286,number
2021-1-5,flights-7-day-average,1300,number
2021-1-6,flights-7-day-average,1286,number
2021-1-7,flights-7-day-average,1330,number
2021-1-8,flights-7-day-average,1432,number
2021-1-9,flights-7-day-average,1401,number
2021-1-10,flights-7-day-average,1345,number
2021-1-11,flights-7-day-average,1272,number
2021-1-12,flights-7-day-average,1221,number
2021-1-13,flights-7-day-average,1181,number
2021-1-14,flights-7-day-average,1155,number
2021-1-15,flights-7-day-average,1114,number
2021-1-16,flights-7-day-average,1058,number
2021-1-17,flights-7-day-average,997,number
2021-1-18,flights-7-day-average,980,number
2021-1-19,flights-7-day-average,966,number
2021-1-20,flights-7-day-average,945,number
2021-1-21,flights-7-day-average,922,number
2021-1-22,flights-7-day-average,908,number
2021-1-23,flights-7-day-average,892,number
2021-1-24,flights-7-day-average,870,number
2021-1-25,flights-7-day-average,858,number
2021-1-26,flights-7-day-average,853,number
2021-1-27,flights-7-day-average,856,number
2021-1-28,flights-7-day-average,857,number
2021-1-29,flights-7-day-average,844,number
2021-1-30,flights-7-day-average,853,number
2021-1-31,flights-7-day-average,862,number
2021-2-1,flights-7-day-average,861,number
2021-2-2,flights-7-day-average,859,number
2021-2-3,flights-7-day-average,861,number
2021-2-4,flights-7-day-average,858,number
2021-2-5,flights-7-day-average,865,number
2021-2-6,flights-7-day-average,863,number
2021-2-7,flights-7-day-average,853,number
2021-2-8,flights-7-day-average,845,number
2021-2-9,flights-7-day-average,833,number
2021-2-10,flights-7-day-average,841,number
2021-2-11,flights-7-day-average,851,number
2021-2-12,flights-7-day-average,855,number
2021-2-13,flights-7-day-average,859,number
2021-2-14,flights-7-day-average,863,number
2021-2-15,flights-7-day-average,877,number
2021-2-16,flights-7-day-average,885,number
2021-2-17,flights-7-day-average,876,number
2021-2-18,flights-7-day-average,875,number
2021-2-19,flights-7-day-average,864,number
2021-2-20,flights-7-day-average,853,number
2021-2-21,flights-7-day-average,862,number
2021-2-22,flights-7-day-average,861,number
2021-2-23,flights-7-day-average,861,number
2021-2-24,flights-7-day-average,871,number
2021-2-25,flights-7-day-average,877,number
2021-2-26,flights-7-day-average,888,number
2021-2-27,flights-7-day-average,898,number
2021-2-28,flights-7-day-average,904,number
2021-3-1,flights-7-day-average,913,number
2021-3-2,flights-7-day-average,928,number
2021-3-3,flights-7-day-average,935,number
2021-3-4,flights-7-day-average,943,number
2021-3-5,flights-7-day-average,947,number
2021-3-6,flights-7-day-average,944,number
2021-3-7,flights-7-day-average,942,number
2021-3-8,flights-7-day-average,941,number
2021-3-9,flights-7-day-average,942,number
2021-3-10,flights-7-day-average,939,number
2021-3-11,flights-7-day-average,925,number
2021-3-12,flights-7-day-average,926,number
2021-3-13,flights-7-day-average,922,number
2021-3-14,flights-7-day-average,926,number
2021-3-15,flights-7-day-average,929,number
2021-3-16,flights-7-day-average,934,number
2021-3-17,flights-7-day-average,951,number
2021-3-18,flights-7-day-average,964,number
2021-3-19,flights-7-day-average,980,number
2021-3-20,flights-7-day-average,992,number
2021-3-21,flights-7-day-average,997,number
2021-3-22,flights-7-day-average,1001,number
2021-3-23,flights-7-day-average,995,number
2021-3-24,flights-7-day-average,983,number
2021-3-25,flights-7-day-average,989,number
2021-3-26,flights-7-day-average,1000,number
2021-3-27,flights-7-day-average,1007,number
2021-3-28,flights-7-day-average,1014,number
2021-3-29,flights-7-day-average,1028,number
2021-3-30,flights-7-day-average,1038,number
2021-3-31,flights-7-day-average,1068,number
2021-4-1,flights-7-day-average,1098,number
2021-4-2,flights-7-day-average,1083,number
2021-4-3,flights-7-day-average,1081,number
2021-4-4,flights-7-day-average,1068,number
2021-4-5,flights-7-day-average,1046,number
2021-4-6,flights-7-day-average,1043,number
2021-4-7,flights-7-day-average,1041,number
2021-4-8,flights-7-day-average,1024,number
2021-4-9,flights-7-day-average,1038,number
2021-4-10,flights-7-day-average,1054,number
2021-4-11,flights-7-day-average,1080,number
2021-4-12,flights-7-day-average,1113,number
2021-4-13,flights-7-day-average,1131,number
2021-4-14,flights-7-day-average,1126,number
2021-4-15,flights-7-day-average,1127,number
2021-4-16,flights-7-day-average,1129,number
2021-4-17,flights-7-day-average,1118,number
2021-4-18,flights-7-day-average,1127,number
2021-4-19,flights-7-day-average,1129,number
2021-4-20,flights-7-day-average,1124,number
2021-4-21,flights-7-day-average,1121,number
2021-4-22,flights-7-day-average,1118,number
2021-4-23,flights-7-day-average,1118,number
2021-4-24,flights-7-day-average,1119,number
2021-4-25,flights-7-day-average,1097,number
2021-4-26,flights-7-day-average,1094,number
2021-4-27,flights-7-day-average,1096,number
2021-4-28,flights-7-day-average,1097,number
2021-4-29,flights-7-day-average,1105,number
2021-4-30,flights-7-day-average,1120,number
2021-5-1,flights-7-day-average,1132,number
2021-5-2,flights-7-day-average,1139,number
2021-5-3,flights-7-day-average,1134,number
2021-5-4,flights-7-day-average,1139,number
2021-5-5,flights-7-day-average,1143,number
2021-5-6,flights-7-day-average,1140,number
2021-5-7,flights-7-day-average,1144,number
2021-5-8,flights-7-day-average,1129,number
2021-5-9,flights-7-day-average,1142,number
2021-5-10,flights-7-day-average,1169,number
2021-5-11,flights-7-day-average,1170,number
2021-5-12,flights-7-day-average,1171,number
2021-5-13,flights-7-day-average,1177,number
2021-5-14,flights-7-day-average,1168,number
2021-5-15,flights-7-day-average,1174,number
2021-5-16,flights-7-day-average,1168,number
2021-5-17,flights-7-day-average,1196,number
2021-5-18,flights-7-day-average,1217,number
2021-5-19,flights-7-day-average,1249,number
2021-5-20,flights-7-day-average,1281,number
2021-5-21,flights-7-day-average,1329,number
2021-5-22,flights-7-day-average,1378,number
2021-5-23,flights-7-day-average,1428,number
2021-5-24,flights-7-day-average,1443,number
2021-5-25,flights-7-day-average,1457,number
2021-5-26,flights-7-day-average,1475,number
2021-5-27,flights-7-day-average,1511,number
2021-5-28,flights-7-day-average,1589,number
2021-5-29,flights-7-day-average,1665,number
2021-5-30,flights-7-day-average,1704,number
2021-5-31,flights-7-day-average,1692,number
2021-6-1,flights-7-day-average,1764,number
2021-6-2,flights-7-day-average,1806,number
2021-6-3,flights-7-day-average,1832,number
2021-6-4,flights-7-day-average,1834,number
2021-6-5,flights-7-day-average,1859,number
2021-6-6,flights-7-day-average,1920,number
2021-6-7,flights-7-day-average,1992,number
2021-6-8,flights-7-day-average,1966,number
2021-6-9,flights-7-day-average,1960,number
2021-6-10,flights-7-day-average,1946,number
2021-6-11,flights-7-day-average,1928,number
2021-6-12,flights-7-day-average,1878,number
2021-6-13,flights-7-day-average,1835,number
2021-6-14,flights-7-day-average,1819,number
2021-6-15,flights-7-day-average,1824,number
2021-6-16,flights-7-day-average,1835,number
2021-6-17,flights-7-day-average,1863,number
2021-6-18,flights-7-day-average,1877,number
2021-6-19,flights-7-day-average,1897,number
2021-6-20,flights-7-day-average,1921,number
2021-6-21,flights-7-day-average,1927,number
2021-6-22,flights-7-day-average,1943,number
2021-6-23,flights-7-day-average,1945,number
2021-6-24,flights-7-day-average,1942,number
2021-6-25,flights-7-day-average,1952,number
2021-6-26,flights-7-day-average,1970,number
2021-6-27,flights-7-day-average,1970,number
2021-6-28,flights-7-day-average,1990,number
2021-6-29,flights-7-day-average,1994,number
2021-6-30,flights-7-day-average,2013,number
2021-7-1,flights-7-day-average,2046,number
2021-7-2,flights-7-day-average,2074,number
2021-7-3,flights-7-day-average,2106,number
2021-7-4,flights-7-day-average,2126,number
2021-7-5,flights-7-day-average,2155,number
2021-7-6,flights-7-day-average,2184,number
2021-7-7,flights-7-day-average,2203,number
2021-7-8,flights-7-day-average,2217,number
2021-7-9,flights-7-day-average,2247,number
2021-7-10,flights-7-day-average,2285,number
2021-7-11,flights-7-day-average,2307,number
2021-7-12,flights-7-day-average,2328,number
2021-7-13,flights-7-day-average,2343,number
2021-7-14,flights-7-day-average,2343,number
2021-7-15,flights-7-day-average,2340,number
2021-7-16,flights-7-day-average,2369,number
2021-7-17,flights-7-day-average,2411,number
2021-7-18,flights-7-day-average,2456,number
2021-7-19,flights-7-day-average,2519,number
2021-7-20,flights-7-day-average,2588,number
2021-7-21,flights-7-day-average,2652,number
2021-7-22,flights-7-day-average,2729,number
2021-7-23,flights-7-day-average,2788,number
2021-7-24,flights-7-day-average,2831,number
2021-7-25,flights-7-day-average,2877,number
2021-7-26,flights-7-day-average,2882,number
2021-7-27,flights-7-day-average,2882,number
2021-7-28,flights-7-day-average,2897,number
2021-7-29,flights-7-day-average,2894,number
2021-7-30,flights-7-day-average,2889,number
2021-7-31,flights-7-day-average,2905,number
2021-8-1,flights-7-day-average,2929,number
2021-8-2,flights-7-day-average,2966,number
2021-8-3,flights-7-day-average,3011,number
2021-8-4,flights-7-day-average,3047,number
2021-8-5,flights-7-day-average,3078,number
2021-8-6,flights-7-day-average,3087,number
2021-8-7,flights-7-day-average,3098,number
2021-8-8,flights-7-day-average,3111,number
2021-8-9,flights-7-day-average,3102,number
2021-8-10,flights-7-day-average,3096,number
2021-8-11,flights-7-day-average,3106,number
2021-8-12,flights-7-day-average,3115,number
2021-8-13,flights-7-day-average,3128,number
2021-8-14,flights-7-day-average,3141,number
2021-8-15,flights-7-day-average,3142,number
2021-8-16,flights-7-day-average,3165,number
2021-8-17,flights-7-day-average,3175,number
2021-8-18,flights-7-day-average,3189,number
2021-8-19,flights-7-day-average,3202,number
2021-8-20,flights-7-day-average,3227,number
2021-8-21,flights-7-day-average,3228,number
2021-8-22,flights-7-day-average,3256,number
2021-8-23,flights-7-day-average,3273,number
2021-8-24,flights-7-day-average,3294,number
2021-8-25,flights-7-day-average,3320,number
2021-8-26,flights-7-day-average,3344,number
2021-8-27,flights-7-day-average,3356,number
2021-8-28,flights-7-day-average,3383,number
2021-8-29,flights-7-day-average,3405,number
2021-8-30,flights-7-day-average,3429,number
2021-8-31,flights-7-day-average,3469,number
2021-9-1,flights-7-day-average,3494,number
2021-9-2,flights-7-day-average,3521,number
2021-9-3,flights-7-day-average,3546,number
2021-9-4,flights-7-day-average,3552,number
2021-9-5,flights-7-day-average,3589,number
2021-9-6,flights-7-day-average,3608,number
2021-9-7,flights-7-day-average,3595,number
2021-9-8,flights-7-day-average,3580,number
2021-9-9,flights-7-day-average,3585,number
2021-9-10,flights-7-day-average,3596,number
2021-9-11,flights-7-day-average,3591,number
2021-9-12,flights-7-day-average,3579,number
2021-9-13,flights-7-day-average,3588,number
2021-9-14,flights-7-day-average,3580,number
2021-9-15,flights-7-day-average,3593,number
2021-9-16,flights-7-day-average,3586,number
2021-9-17,flights-7-day-average,3595,number
2021-9-18,flights-7-day-average,3587,number
2021-9-19,flights-7-day-average,3593,number
2021-9-20,flights-7-day-average,3591,number
2021-9-21,flights-7-day-average,3600,number
2021-9-22,flights-7-day-average,3592,number
2021-9-23,flights-7-day-average,3611,number
2021-9-24,flights-7-day-average,3609,number
2021-9-25,flights-7-day-average,3614,number
2021-9-26,flights-7-day-average,3609,number
2021-9-27,flights-7-day-average,3604,number
2021-9-28,flights-7-day-average,3587,number
2021-9-29,flights-7-day-average,3586,number
2021-9-30,flights-7-day-average,3564,number
2021-10-1,flights-7-day-average,3576,number
2021-10-2,flights-7-day-average,3559,number
2021-10-3,flights-7-day-average,3562,number
2021-10-4,flights-7-day-average,3571,number
2021-10-5,flights-7-day-average,3572,number
2021-10-6,flights-7-day-average,3568,number
2021-10-7,flights-7-day-average,3573,number
2021-10-8,flights-7-day-average,3576,number
2021-10-9,flights-7-day-average,3575,number
2021-10-10,flights-7-day-average,3563,number
2021-10-11,flights-7-day-average,3556,number
2021-10-12,flights-7-day-average,3567,number
2021-10-13,flights-7-day-average,3569,number
2021-10-14,flights-7-day-average,3578,number
2021-10-15,flights-7-day-average,3582,number
2021-10-16,flights-7-day-average,3613,number
2021-10-17,flights-7-day-average,3625,number
2021-10-18,flights-7-day-average,3622,number
2021-10-19,flights-7-day-average,3613,number
2021-10-20,flights-7-day-average,3614,number
2021-10-21,flights-7-day-average,3622,number
2021-10-22,flights-7-day-average,3641,number
2021-10-23,flights-7-day-average,3646,number
2021-10-24,flights-7-day-average,3654,number
2021-10-25,flights-7-day-average,3657,number
2021-10-26,flights-7-day-average,3658,number
2021-10-27,flights-7-day-average,3667,number
2021-10-28,flights-7-day-average,3654,number
2021-10-29,flights-7-day-average,3633,number
2021-10-30,flights-7-day-average,3637,number
2021-10-31,flights-7-day-average,3666,number
2021-11-1,flights-7-day-average,3678,number
2021-11-2,flights-7-day-average,3686,number
2021-11-3,flights-7-day-average,3664,number
2021-11-4,flights-7-day-average,3653,number
2021-11-5,flights-7-day-average,3618,number
2021-11-6,flights-7-day-average,3531,number
2021-11-7,flights-7-day-average,3458,number
2021-11-8,flights-7-day-average,3415,number
2021-11-9,flights-7-day-average,3387,number
2021-11-10,flights-7-day-average,3359,number
2021-11-11,flights-7-day-average,3339,number
2021-11-12,flights-7-day-average,3322,number
2021-11-13,flights-7-day-average,3294,number
2021-11-14,flights-7-day-average,3284,number
2021-11-15,flights-7-day-average,3283,number
2021-11-16,flights-7-day-average,3284,number
2021-11-17,flights-7-day-average,3280,number
2021-11-18,flights-7-day-average,3270,number
2021-11-19,flights-7-day-average,3274,number
2021-11-20,flights-7-day-average,3281,number
2021-11-21,flights-7-day-average,3268,number
2021-11-22,flights-7-day-average,3262,number
2021-11-23,flights-7-day-average,3253,number
2021-11-24,flights-7-day-average,3250,number
2021-11-25,flights-7-day-average,3264,number
2021-11-26,flights-7-day-average,3233,number
2021-11-27,flights-7-day-average,3204,number
2021-11-28,flights-7-day-average,3195,number
2021-11-29,flights-7-day-average,3207,number
2021-11-30,flights-7-day-average,3197,number
2021-12-1,flights-7-day-average,3193,number
2021-12-2,flights-7-day-average,3187,number
2021-12-3,flights-7-day-average,3198,number
2021-12-4,flights-7-day-average,3228,number
2021-12-5,flights-7-day-average,3232,number
2021-12-6,flights-7-day-average,3221,number
2021-12-7,flights-7-day-average,3194,number
2021-12-8,flights-7-day-average,3198,number
2021-12-9,flights-7-day-average,3195,number
2021-12-10,flights-7-day-average,3233,number
2021-12-11,flights-7-day-average,3270,number
2021-12-12,flights-7-day-average,3301,number
2021-12-13,flights-7-day-average,3327,number
2021-12-14,flights-7-day-average,3402,number
2021-12-15,flights-7-day-average,3466,number
2021-12-16,flights-7-day-average,3538,number
2021-12-17,flights-7-day-average,3618,number
2021-12-18,flights-7-day-average,3675,number
2021-12-19,flights-7-day-average,3703,number
2021-12-20,flights-7-day-average,3755,number
2021-12-21,flights-7-day-average,3797,number
2021-12-22,flights-7-day-average,3820,number
2021-12-23,flights-7-day-average,3808,number
2021-12-24,flights-7-day-average,3580,number
2021-12-25,flights-7-day-average,3512,number
2021-12-26,flights-7-day-average,3430,number
2021-12-27,flights-7-day-average,3366,number
2021-12-28,flights-7-day-average,3317,number
2021-12-29,flights-7-day-average,3253,number
2021-12-30,flights-7-day-average,3195,number
2021-12-31,flights-7-day-average,3203,number
2022-1-1,flights-7-day-average,3133,number
2022-1-2,flights-7-day-average,3211,number
2022-1-3,flights-7-day-average,3236,number
2022-1-4,flights-7-day-average,3247,number
2022-1-5,flights-7-day-average,3239,number
2022-1-6,flights-7-day-average,3204,number
2022-1-7,flights-7-day-average,3287,number
2022-1-8,flights-7-day-average,3360,number
2022-1-9,flights-7-day-average,3329,number
2022-1-10,flights-7-day-average,3163,number
2022-1-11,flights-7-day-average,3003,number
2022-1-12,flights-7-day-average,2858,number
2022-1-13,flights-7-day-average,2760,number
2022-1-14,flights-7-day-average,2655,number
2022-1-15,flights-7-day-average,2555,number
2022-1-16,flights-7-day-average,2443,number
2022-1-17,flights-7-day-average,2417,number
2022-1-18,flights-7-day-average,2396,number
2022-1-19,flights-7-day-average,2386,number
2022-1-20,flights-7-day-average,2383,number
2022-1-21,flights-7-day-average,2390,number
2022-1-22,flights-7-day-average,2397,number
2022-1-23,flights-7-day-average,2400,number
2022-1-24,flights-7-day-average,2398,number
2022-1-25,flights-7-day-average,2398,number
2022-1-26,flights-7-day-average,2400,number
2022-1-27,flights-7-day-average,2400,number
2022-1-28,flights-7-day-average,2396,number
2022-1-29,flights-7-day-average,2381,number
2022-1-30,flights-7-day-average,2378,number
2022-1-31,flights-7-day-average,2382,number
2022-2-1,flights-7-day-average,2438,number
2022-2-2,flights-7-day-average,2508,number
2022-2-3,flights-7-day-average,2570,number
2022-2-4,flights-7-day-average,2637,number
2022-2-5,flights-7-day-average,2709,number
2022-2-6,flights-7-day-average,2786,number
2022-2-7,flights-7-day-average,2873,number
2022-2-8,flights-7-day-average,2902,number
2022-2-9,flights-7-day-average,2915,number
2022-2-10,flights-7-day-average,2983,number
2022-2-11,flights-7-day-average,3090,number
2022-2-12,flights-7-day-average,3210,number
2022-2-13,flights-7-day-average,3257,number
2022-2-14,flights-7-day-average,3312,number
2022-2-15,flights-7-day-average,3358,number
2022-2-16,flights-7-day-average,3388,number
2022-2-17,flights-7-day-average,3397,number
2022-2-18,flights-7-day-average,3242,number
2022-2-19,flights-7-day-average,3273,number
2022-2-20,flights-7-day-average,3302,number
2022-2-21,flights-7-day-average,3296,number
2022-2-22,flights-7-day-average,3314,number
2022-2-23,flights-7-day-average,3341,number
2022-2-24,flights-7-day-average,3345,number
2022-2-25,flights-7-day-average,3483,number
2022-2-26,flights-7-day-average,3394,number
2022-2-27,flights-7-day-average,3396,number
2022-2-28,flights-7-day-average,3435,number
2022-3-1,flights-7-day-average,3458,number
2022-3-2,flights-7-day-average,3497,number
2022-3-3,flights-7-day-average,3529,number
2022-3-4,flights-7-day-average,3559,number
2022-3-5,flights-7-day-average,3592,number
2022-3-6,flights-7-day-average,3600,number
2022-3-7,flights-7-day-average,3619,number
2022-3-8,flights-7-day-average,3641,number
2022-3-9,flights-7-day-average,3645,number
2022-3-10,flights-7-day-average,3669,number
2022-3-11,flights-7-day-average,3674,number
2022-3-12,flights-7-day-average,3677,number
2022-3-13,flights-7-day-average,3693,number
2022-3-14,flights-7-day-average,3706,number
2022-3-15,flights-7-day-average,3723,number
2022-3-16,flights-7-day-average,3742,number
2022-3-17,flights-7-day-average,3747,number
2022-3-18,flights-7-day-average,3765,number
2022-3-19,flights-7-day-average,3779,number
2022-3-20,flights-7-day-average,3778,number
2022-3-21,flights-7-day-average,3781,number
2022-3-22,flights-7-day-average,3775,number
2022-3-23,flights-7-day-average,3783,number
2022-3-24,flights-7-day-average,3778,number
2022-3-25,flights-7-day-average,3777,number
2022-3-26,flights-7-day-average,3780,number
2022-3-27,flights-7-day-average,3848,number
2022-3-28,flights-7-day-average,3968,number
2022-3-29,flights-7-day-average,4126,number
2022-3-30,flights-7-day-average,4247,number
2022-3-31,flights-7-day-average,4361,number
2022-4-1,flights-7-day-average,4460,number
2022-4-2,flights-7-day-average,4569,number
2022-4-3,flights-7-day-average,4588,number
2022-4-4,flights-7-day-average,4600,number
2022-4-5,flights-7-day-average,4601,number
2022-4-6,flights-7-day-average,4653,number
2022-4-7,flights-7-day-average,4690,number
2022-4-8,flights-7-day-average,4715,number
2022-4-9,flights-7-day-average,4741,number
2022-4-10,flights-7-day-average,4769,number
2022-4-11,flights-7-day-average,4786,number
2022-4-12,flights-7-day-average,4816,number
2022-4-13,flights-7-day-average,4815,number
2022-4-14,flights-7-day-average,4839,number
2022-4-15,flights-7-day-average,4810,number
2022-4-16,flights-7-day-average,4780,number
2022-4-17,flights-7-day-average,4756,number
2022-4-18,flights-7-day-average,4753,number
2022-4-19,flights-7-day-average,4771,number
2022-4-20,flights-7-day-average,4784,number
2022-4-21,flights-7-day-average,4763,number
2022-4-22,flights-7-day-average,4795,number
2022-4-23,flights-7-day-average,4789,number
2022-4-24,flights-7-day-average,4816,number
2022-4-25,flights-7-day-average,4820,number
2022-4-26,flights-7-day-average,4810,number
2022-4-27,flights-7-day-average,4808,number
2022-4-28,flights-7-day-average,4832,number
2022-4-29,flights-7-day-average,4865,number
2022-4-30,flights-7-day-average,4891,number
2022-5-1,flights-7-day-average,4910,number
2022-5-2,flights-7-day-average,4956,number
2022-5-3,flights-7-day-average,4995,number
2022-5-4,flights-7-day-average,5034,number
2022-5-5,flights-7-day-average,5080,number
2022-5-6,flights-7-day-average,5112,number
2022-5-7,flights-7-day-average,5144,number
2022-5-8,flights-7-day-average,5184,number
2022-5-9,flights-7-day-average,5202,number
2022-5-10,flights-7-day-average,5211,number
2022-5-11,flights-7-day-average,5230,number
2022-5-12,flights-7-day-average,5235,number
2022-5-13,flights-7-day-average,5244,number
2022-5-14,flights-7-day-average,5269,number
2022-5-15,flights-7-day-average,5272,number
2022-5-16,flights-7-day-average,5274,number
2022-5-17,flights-7-day-average,5289,number
2022-5-18,flights-7-day-average,5301,number
2022-5-19,flights-7-day-average,5317,number
2022-5-20,flights-7-day-average,5314,number
2022-5-21,flights-7-day-average,5325,number
2022-5-22,flights-7-day-average,5345,number
2022-5-23,flights-7-day-average,5367,number
2022-5-24,flights-7-day-average,5380,number
2022-5-25,flights-7-day-average,5410,number
2022-5-26,flights-7-day-average,5437,number
2022-5-27,flights-7-day-average,5511,number
2022-5-28,flights-7-day-average,5576,number
2022-5-29,flights-7-day-average,5596,number
2022-5-30,flights-7-day-average,5632,number
2022-5-31,flights-7-day-average,5652,number
2022-6-1,flights-7-day-average,5680,number
2022-6-2,flights-7-day-average,5667,number
2022-6-3,flights-7-day-average,5593,number
2022-6-4,flights-7-day-average,5563,number
2022-6-5,flights-7-day-average,5596,number
2022-6-6,flights-7-day-average,5617,number
2022-6-7,flights-7-day-average,5642,number
2022-6-8,flights-7-day-average,5626,number
2022-6-9,flights-7-day-average,5661,number
2022-6-10,flights-7-day-average,5715,number
2022-6-11,flights-7-day-average,5719,number
2022-6-12,flights-7-day-average,5703,number
2022-6-13,flights-7-day-average,5695,number
2022-6-14,flights-7-day-average,5699,number
2022-6-15,flights-7-day-average,5717,number
2022-6-16,flights-7-day-average,5714,number
2022-6-17,flights-7-day-average,5701,number
2022-6-18,flights-7-day-average,5686,number
2022-6-19,flights-7-day-average,5681,number
2022-6-20,flights-7-day-average,5664,number
2022-6-21,flights-7-day-average,5665,number
2022-6-22,flights-7-day-average,5655,number
2022-6-23,flights-7-day-average,5645,number
2022-6-24,flights-7-day-average,5646,number
2022-6-25,flights-7-day-average,5653,number
2022-6-26,flights-7-day-average,5646,number
